id,symbol,name,market_cap_rank,current_price,market_cap,total_volume,price_change_percentage_24h,last_updated
bitcoin,BTC,Bitcoin,1,89831.0,1793102802095,34397962430.0,1.59503,2025-12-06T16:46:01.211Z
ethereum,ETH,Ethereum,2,3061.31,369365559454,16833332033.0,1.57244,2025-12-06T16:45:56.464Z
binancecoin,BNB,BNB,4,897.22,123518576202,1128004675.0,2.69891,2025-12-06T16:46:01.112Z
ripple,XRP,XRP,5,2.04,122830141679,2317929400.0,0.12133,2025-12-06T16:45:59.112Z
solana,SOL,Solana,7,133.35,74656902008,2982435628.0,0.88962,2025-12-06T16:45:59.537Z
tron,TRX,TRON,8,0.28751,27220390705,576168088.0,1.09886,2025-12-06T16:46:00.734Z
staked-ether,STETH,Lido Staked Ether,9,3060.36,26518857701,21497094.0,1.3034,2025-12-06T16:45:59.436Z
dogecoin,DOGE,Dogecoin,10,0.140223,22653632763,874090362.0,0.72927,2025-12-06T16:45:53.763Z
cardano,ADA,Cardano,11,0.417708,15297860376,414250571.0,1.04309,2025-12-06T16:45:52.859Z
figure-heloc,FIGR_HELOC,Figure Heloc,12,1.032,14472349096,9568233.0,-0.63825,2025-12-06T16:45:54.116Z
whitebit,WBT,WhiteBIT Coin,13,60.72,13017385846,87537187.0,0.48759,2025-12-06T16:46:01.178Z
wrapped-steth,WSTETH,Wrapped stETH,14,3736.29,12428076478,27413881.0,1.57089,2025-12-06T16:46:01.492Z
bitcoin-cash,BCH,Bitcoin Cash,15,584.19,11661976352,354413648.0,3.53715,2025-12-06T16:45:52.221Z
wrapped-bitcoin,WBTC,Wrapped Bitcoin,16,89725.0,11214984365,127718429.0,1.63939,2025-12-06T16:46:01.749Z
wrapped-beacon-eth,WBETH,Wrapped Beacon ETH,17,3319.24,10837112078,3811740.0,1.46991,2025-12-06T16:46:01.308Z
chainlink,LINK,Chainlink,18,13.99,9744492435,557288527.0,3.33394,2025-12-06T16:45:53.081Z
usds,USDS,USDS,19,0.999799,9512106958,2400825.0,-0.004,2025-12-06T16:46:00.657Z
binance-bridged-usdt-bnb-smart-chain,BSC-USD,Binance Bridged USDT (BNB Smart Chain),20,1.0,8984772848,1064257204.0,-0.0987,2025-12-06T16:45:52.567Z
leo-token,LEO,LEO Token,21,9.57,8826701529,484644.0,-1.22718,2025-12-06T16:45:55.975Z
weth,WETH,WETH,22,3059.83,8555044534,84143009.0,1.57403,2025-12-06T16:45:50.678Z
hyperliquid,HYPE,Hyperliquid,23,31.1,8422211521,193902016.0,0.73758,2025-12-06T16:45:55.064Z
wrapped-eeth,WEETH,Wrapped eETH,24,3313.46,7808393230,12741003.0,1.42801,2025-12-06T16:46:01.514Z
stellar,XLM,Stellar,25,0.241333,7804193380,96435609.0,-0.83417,2025-12-06T16:45:59.754Z
monero,XMR,Monero,26,391.13,7215412644,113690911.0,-0.83672,2025-12-06T16:45:56.713Z
ethena-usde,USDE,Ethena USDe,27,0.999579,6706410261,96559733.0,0.04538,2025-12-06T16:45:54.069Z
coinbase-wrapped-btc,CBBTC,Coinbase Wrapped BTC,28,89872.0,6506539775,271554019.0,1.25375,2025-12-06T16:45:53.253Z
litecoin,LTC,Litecoin,29,81.12,6212040270,417928540.0,0.80259,2025-12-06T16:45:56.194Z
avalanche-2,AVAX,Avalanche,30,13.4,5753820132,341571346.0,-0.14556,2025-12-06T16:45:51.763Z
sui,SUI,Sui,31,1.54,5746018737,665146422.0,-2.32545,2025-12-06T16:46:00.173Z
hedera-hashgraph,HBAR,Hedera,32,0.13372,5681498609,98618620.0,-0.12322,2025-12-06T16:45:54.837Z
zcash,ZEC,Zcash,33,332.11,5456812666,785135700.0,-9.36881,2025-12-06T16:46:01.938Z
shiba-inu,SHIB,Shiba Inu,34,8.4e-06,4940707458,118283798.0,2.17581,2025-12-06T16:45:59.277Z
susds,SUSDS,sUSDS,36,1.077,4211581494,6368512.0,0.12347,2025-12-06T16:45:59.807Z
world-liberty-financial,WLFI,World Liberty Financial,37,0.149534,4074762538,79403764.0,-0.45647,2025-12-06T16:46:01.463Z
crypto-com-chain,CRO,Cronos,40,0.104317,3895319705,12524606.0,1.45304,2025-12-06T16:45:53.070Z
the-open-network,TON,Toncoin,39,1.59,3894196883,74739107.0,3.17137,2025-12-06T16:46:00.654Z
paypal-usd,PYUSD,PayPal USD,41,0.999661,3845986218,65654497.0,-0.00772,2025-12-06T16:45:58.358Z
ethena-staked-usde,SUSDE,Ethena Staked USDe,42,1.21,3673121389,47100279.0,0.02544,2025-12-06T16:45:54.132Z
uniswap,UNI,Uniswap,43,5.6,3524386149,242133970.0,0.91384,2025-12-06T16:46:00.956Z
mantle,MNT,Mantle,44,1.08,3514134070,106517898.0,5.07172,2025-12-06T16:45:56.215Z
polkadot,DOT,Polkadot,45,2.14,3511812381,142648633.0,-0.05115,2025-12-06T16:45:58.119Z
aave,AAVE,Aave,46,190.97,2894541179,159491280.0,3.34688,2025-12-06T16:45:50.935Z
usd1-wlfi,USD1,USD1,47,0.999055,2725335255,252554196.0,-0.03526,2025-12-06T16:46:00.920Z
bittensor,TAO,Bittensor,48,281.43,2700641349,81192074.0,2.08483,2025-12-06T16:45:52.264Z
bitget-token,BGB,Bitget Token,49,3.53,2466937228,53205772.0,4.67504,2025-12-06T16:46:00.770Z
memecore,M,MemeCore,50,1.36,2318674183,16139773.0,6.72304,2025-12-06T16:45:56.311Z
canton-network,CC,Canton,51,0.063909,2294227889,24525876.0,-2.98187,2025-12-06T16:45:52.537Z
okb,OKB,OKB,52,108.11,2269805589,33783991.0,5.12276,2025-12-06T16:45:57.947Z
near,NEAR,NEAR Protocol,53,1.72,2207817589,174794083.0,2.51109,2025-12-06T16:45:57.226Z
tether-gold,XAUT,Tether Gold,55,4211.5,2198835739,232476630.0,0.24552,2025-12-06T16:46:00.191Z
falcon-finance,USDF,Falcon USD,54,0.999221,2188232409,2263239.0,0.20174,2025-12-06T16:45:54.003Z
aster-2,ASTER,Aster,56,0.982681,2063518458,174782976.0,-1.83762,2025-12-06T16:45:51.514Z
ethereum-classic,ETC,Ethereum Classic,57,13.32,2059346492,45256308.0,1.77932,2025-12-06T16:45:54.144Z
ethena,ENA,Ethena,59,0.263138,2023483589,173145607.0,0.84601,2025-12-06T16:45:54.161Z
internet-computer,ICP,Internet Computer,60,3.52,1904165451,76454666.0,3.43729,2025-12-06T16:45:55.494Z
pi-network,PI,Pi Network,61,0.226663,1891846154,15761507.0,2.2359,2025-12-06T16:45:57.773Z
jito-staked-sol,JITOSOL,Jito Staked SOL,62,166.18,1883951539,11542450.0,1.10163,2025-12-06T16:45:55.494Z
pepe,PEPE,Pepe,63,4.44e-06,1868124625,236832121.0,2.1761,2025-12-06T16:45:57.932Z
pump-fun,PUMP,Pump.fun,66,0.0030361,1790931037,131458444.0,5.87661,2025-12-06T16:45:58.397Z
rain,RAIN,Rain,65,0.0075122,1781688976,27341343.0,0.60825,2025-12-06T16:45:58.330Z
jupiter-perpetuals-liquidity-provider-token,JLP,Jupiter Perpetuals Liquidity Provider Token,68,4.65,1681427837,25378904.0,0.75746,2025-12-06T16:45:55.504Z
htx-dao,HTX,HTX DAO,69,1.67e-06,1548935081,12843405.0,-1.08342,2025-12-06T16:45:55.006Z
ondo-finance,ONDO,Ondo,71,0.46782,1477550440,41275961.0,1.51979,2025-12-06T16:45:57.592Z
hash-2,HASH,Provenance Blockchain,72,0.02797054,1453488108,105589.0,0.69052,2025-12-06T16:45:54.784Z
pax-gold,PAXG,PAX Gold,73,4214.78,1431996093,71035503.0,-0.15512,2025-12-06T16:45:57.667Z
kaspa,KAS,Kaspa,74,0.051944,1391772122,20704277.0,-0.42611,2025-12-06T16:45:55.558Z
worldcoin-wld,WLD,Worldcoin,75,0.577261,1378680125,84785615.0,0.7527,2025-12-06T16:46:01.441Z
global-dollar,USDG,Global Dollar,76,0.99984,1368204639,21508060.0,0.00668,2025-12-06T16:45:54.443Z
bfusd,BFUSD,BFUSD,77,0.999462,1319213683,6596764.0,0.00451,2025-12-06T16:45:57.278Z
kucoin-shares,KCS,KuCoin,78,10.17,1318821230,5080819.0,1.23043,2025-12-06T16:45:55.722Z
quant-network,QNT,Quant,79,90.68,1318778251,17539266.0,0.69141,2025-12-06T16:45:58.340Z
aptos,APT,Aptos,81,1.77,1304650457,324725884.0,0.42961,2025-12-06T16:45:51.820Z
polygon-ecosystem-token,POL,POL (ex-MATIC),83,0.123105,1298240531,51875750.0,3.29338,2025-12-06T16:45:58.132Z
ripple-usd,RLUSD,Ripple USD,84,0.999473,1292367444,35842620.0,-0.00565,2025-12-06T16:45:58.700Z
rocket-pool-eth,RETH,Rocket Pool ETH,86,3517.4,1286917045,2053597.0,1.42937,2025-12-06T16:45:58.724Z
sky,SKY,Sky,87,0.05304,1214132472,9579248.0,2.23761,2025-12-06T16:45:59.425Z
wbnb,WBNB,Wrapped BNB,88,896.67,1213547937,370660938.0,2.46151,2025-12-06T16:46:01.783Z
gatechain-token,GT,Gate,89,10.22,1199250196,2850593.0,1.75314,2025-12-06T16:45:54.368Z
algorand,ALGO,Algorand,90,0.133967,1180665021,30889241.0,1.83373,2025-12-06T16:45:51.089Z
arbitrum,ARB,Arbitrum,91,0.207451,1164439080,89943712.0,2.97388,2025-12-06T16:45:51.462Z
binance-staked-sol,BNSOL,Binance Staked SOL,92,144.86,1144620173,1766884.0,1.21849,2025-12-06T16:45:52.045Z
official-trump,TRUMP,Official Trump,93,5.72,1144235488,198076839.0,-1.41154,2025-12-06T16:45:57.431Z
kelp-dao-restaked-eth,RSETH,Kelp DAO Restaked ETH,94,3240.09,1100996083,101157.0,1.74891,2025-12-06T16:45:55.518Z
vechain,VET,VeChain,95,0.01268095,1089997006,17854141.0,2.00102,2025-12-06T16:46:00.885Z
cosmos,ATOM,Cosmos Hub,96,2.24,1080315118,32723377.0,2.36009,2025-12-06T16:45:53.209Z
filecoin,FIL,Filecoin,97,1.49,1077556976,91230600.0,1.84062,2025-12-06T16:45:54.166Z
ignition-fbtc,FBTC,Function FBTC,98,89739.0,1051979184,93010.0,1.83661,2025-12-06T16:45:55.095Z
flare-networks,FLR,Flare,100,0.01304186,1047833452,4041230.0,1.25241,2025-12-06T16:45:54.149Z
lombard-staked-btc,LBTC,Lombard Staked BTC,101,90069.0,1017433972,3401168.0,2.19596,2025-12-06T16:45:55.958Z
liquid-staked-ethereum,LSETH,Liquid Staked ETH,102,3269.16,1015042187,47863.0,0.03403,2025-12-06T16:45:55.874Z
solv-btc,SOLVBTC,Solv Protocol BTC,103,89653.0,993694079,326305.0,1.22533,2025-12-06T16:45:59.184Z
nexo,NEXO,NEXO,104,0.968973,968933245,9913795.0,2.8511,2025-12-06T16:45:56.985Z
xdce-crowd-sale,XDC,XDC Network,105,0.04968268,920383738,22219338.0,0.68868,2025-12-06T16:45:50.419Z
first-digital-usd,FDUSD,First Digital USD,107,0.997706,842835023,529528091.0,0.03031,2025-12-06T16:45:54.331Z
kinetic-staked-hype,KHYPE,Kinetiq Staked HYPE,108,31.3,840714022,11077094.0,0.73457,2025-12-06T16:45:55.670Z
render-token,RENDER,Render,109,1.61,835571048,35666045.0,0.35217,2025-12-06T16:45:58.638Z
sei-network,SEI,Sei,110,0.129137,822300857,54402557.0,-0.19007,2025-12-06T16:45:58.992Z
pancakeswap-token,CAKE,PancakeSwap,112,2.28,767994656,36173019.0,-0.11919,2025-12-06T16:45:57.805Z
bonk,BONK,Bonk,114,9.2e-06,760163017,59455451.0,1.96428,2025-12-06T16:45:52.456Z
renzo-restaked-eth,EZETH,Renzo Restaked ETH,115,3260.94,745913748,328675.0,0.90545,2025-12-06T16:45:58.503Z
story-2,IP,Story,116,2.22,738020452,23508002.0,1.96624,2025-12-06T16:45:59.617Z
mantle-staked-ether,METH,Mantle Staked Ether,117,3298.82,727579359,2683926.0,0.81361,2025-12-06T16:45:56.254Z
jupiter-exchange-solana,JUP,Jupiter,119,0.228435,716517920,16372317.0,-0.97218,2025-12-06T16:45:55.644Z
ondo-us-dollar-yield,USDY,Ondo US Dollar Yield,121,1.11,690360324,329930.0,1.28517,2025-12-06T16:45:57.266Z
pudgy-penguins,PENGU,Pudgy Penguins,122,0.01089656,685085376,96264501.0,1.18132,2025-12-06T16:45:58.339Z
morpho,MORPHO,Morpho,123,1.25,672043967,11939934.0,-5.00415,2025-12-06T16:45:56.778Z
jupiter-staked-sol,JUPSOL,Jupiter Staked SOL,125,153.9,641669865,894479.0,0.7565,2025-12-06T16:45:55.523Z
aerodrome-finance,AERO,Aerodrome Finance,128,0.689723,624268892,22192318.0,6.78281,2025-12-06T16:45:51.904Z
fetch-ai,FET,Artificial Superintelligence Alliance,129,0.23627,615289899,67123309.0,3.55712,2025-12-06T16:45:54.259Z
stakewise-v3-oseth,OSETH,StakeWise Staked ETH,130,3133.04,611589892,561494.0,1.45617,2025-12-06T16:45:59.475Z
beldex,BDX,Beldex,131,0.085048,599786205,9985761.0,-0.25268,2025-12-06T16:45:51.763Z
spx6900,SPX,SPX6900,133,0.636621,593037205,16315346.0,-1.64283,2025-12-06T16:45:59.455Z
dash,DASH,Dash,134,47.32,592202969,104349631.0,0.84356,2025-12-06T16:45:53.193Z
myx-finance,MYX,MYX Finance,135,3.09,590483194,35375056.0,1.86924,2025-12-06T16:45:56.812Z
optimism,OP,Optimism,136,0.311402,590023350,49020374.0,3.1297,2025-12-06T16:45:57.609Z
virtual-protocol,VIRTUAL,Virtuals Protocol,137,0.859009,563826006,76272926.0,1.61551,2025-12-06T16:46:01.433Z
curve-dao-token,CRV,Curve DAO,138,0.387581,555076264,55547470.0,-0.68391,2025-12-06T16:45:53.475Z
injective-protocol,INJ,Injective,139,5.54,554675692,46977578.0,0.97952,2025-12-06T16:45:55.391Z
tbtc,TBTC,tBTC,140,89746.0,553440191,8906617.0,1.98015,2025-12-06T16:46:00.052Z
usual-usd,USD0,Usual USD,141,0.998195,548611728,1475295.0,7e-05,2025-12-06T16:46:00.660Z
starknet,STRK,Starknet,142,0.112783,541158514,60550821.0,2.36504,2025-12-06T16:45:59.775Z
blockstack,STX,Stacks,143,0.29718,539395587,11362794.0,1.82553,2025-12-06T16:45:52.437Z
usdd,USDD,USDD,145,1.0,524316538,9522578.0,0.00123,2025-12-06T16:46:00.612Z
telcoin,TEL,Telcoin,146,0.00551094,523843131,1971381.0,-0.79684,2025-12-06T16:46:00.055Z
tezos,XTZ,Tezos,147,0.480602,513164060,18533207.0,1.86333,2025-12-06T16:46:00.299Z
ultima,ULTIMA,Ultima,148,5125.66,512563663,14680507.0,-1.6388,2025-12-06T16:46:00.452Z
lido-dao,LDO,Lido DAO,149,0.571375,509546180,47964697.0,-2.14257,2025-12-06T16:45:56.001Z
true-usd,TUSD,TrueUSD,150,0.997669,493353768,5890255.0,0.01571,2025-12-06T16:46:01.002Z
celestia,TIA,Celestia,152,0.578516,491806697,55324828.0,-1.72244,2025-12-06T16:45:52.568Z
the-graph,GRT,The Graph,153,0.04626535,491273359,17233231.0,2.0662,2025-12-06T16:46:00.314Z
msol,MSOL,Marinade Staked SOL,154,179.14,489274475,1735021.0,0.68074,2025-12-06T16:45:56.807Z
ether-fi,ETHFI,Ether.fi,156,0.794935,483588671,27571799.0,1.29368,2025-12-06T16:45:53.974Z
newton-project,AB,AB,157,0.00532933,480043787,9589171.0,0.64528,2025-12-06T16:45:56.966Z
gteth,GTETH,GTETH,158,3061.74,470436015,114639.0,1.80144,2025-12-06T16:45:54.556Z
stader-ethx,ETHX,Stader ETHx,159,3294.25,461830695,79243.0,1.80475,2025-12-06T16:45:59.382Z
kaia,KAIA,Kaia,160,0.077888,456104233,7149025.0,-0.15708,2025-12-06T16:45:55.505Z
floki,FLOKI,FLOKI,162,4.61e-05,444579145,33552774.0,2.07313,2025-12-06T16:45:54.214Z
doublezero,2Z,DoubleZero,164,0.124041,430924892,16211146.0,2.0248,2025-12-06T16:45:53.602Z
gho,GHO,GHO,165,0.999969,430057209,7110628.0,0.00905,2025-12-06T16:45:54.383Z
ethereum-name-service,ENS,Ethereum Name Service,167,11.27,427535672,22282109.0,0.35722,2025-12-06T16:45:54.026Z
iota,IOTA,IOTA,168,0.102037,426044624,8505709.0,2.54442,2025-12-06T16:45:55.335Z
trust-wallet-token,TWT,Trust Wallet,169,1.018,424372055,14304746.0,1.72056,2025-12-06T16:46:00.551Z
sun-token,SUN,Sun Token,170,0.02145484,411653575,33034885.0,1.51981,2025-12-06T16:45:59.739Z
usdb,USDB,USDB,171,1.012,411104504,231546.0,2.53247,2025-12-06T16:46:00.607Z
terra-luna,LUNC,Terra Luna Classic,174,7.443e-05,408180667,803964591.0,49.49254,2025-12-06T16:46:00.103Z
bitcoin-cash-sv,BSV,Bitcoin SV,172,20.44,407815351,8756951.0,0.9113,2025-12-06T16:45:52.108Z
sweth,SWETH,Swell Ethereum,173,3348.92,406407013,22219.0,0.02639,2025-12-06T16:45:59.918Z
pendle,PENDLE,Pendle,175,2.43,399804769,28446586.0,0.55837,2025-12-06T16:45:57.744Z
pyth-network,PYTH,Pyth Network,176,0.069225,397801987,15345676.0,1.014,2025-12-06T16:45:58.310Z
bittorrent,BTT,BitTorrent,177,4.01784e-07,395864197,18030434.0,1.02538,2025-12-06T16:45:52.320Z
sbtc-2,SBTC,sBTC,178,89851.0,394040627,35641.0,0.87287,2025-12-06T16:45:58.819Z
just,JST,JUST,179,0.03978099,393540875,44586243.0,1.60517,2025-12-06T16:45:55.552Z
coinbase-wrapped-staked-eth,CBETH,Coinbase Wrapped Staked ETH,180,3401.07,391422693,2425900.0,0.77126,2025-12-06T16:45:52.803Z
fartcoin,FARTCOIN,Fartcoin,182,0.387141,389046049,168002588.0,10.80489,2025-12-06T16:45:54.339Z
merlin-chain,MERL,Merlin Chain,183,0.363608,382487845,19921590.0,-1.23133,2025-12-06T16:45:57.908Z
basic-attention-token,BAT,Basic Attention,184,0.253776,379455254,49222472.0,3.14209,2025-12-06T16:45:51.953Z
decred,DCR,Decred,185,21.95,376678567,7581278.0,8.2624,2025-12-06T16:45:53.561Z
dogwifcoin,WIF,dogwifhat,187,0.375239,374850814,128353103.0,2.55242,2025-12-06T16:45:53.904Z
olympus,OHM,Olympus,186,22.85,374313737,252503.0,1.49441,2025-12-06T16:45:57.269Z
the-sandbox,SAND,The Sandbox,188,0.143222,374195377,22895705.0,1.96599,2025-12-06T16:46:00.407Z
bitcoin-avalanche-bridged-btc-b,BTC.B,Avalanche Bridged BTC (Avalanche),189,89947.0,371374708,25698092.0,1.65918,2025-12-06T16:45:52.000Z
conflux-token,CFX,Conflux,190,0.071757,369958699,11080378.0,1.35053,2025-12-06T16:45:53.150Z
helium,HNT,Helium,191,1.96,365809175,3068612.0,3.02316,2025-12-06T16:45:54.823Z
sonic-3,S,Sonic,192,0.096097,364242077,35275461.0,0.16331,2025-12-06T16:45:59.371Z
flow,FLOW,Flow,194,0.219735,357473902,5417215.0,0.18504,2025-12-06T16:45:54.169Z
apenft,NFT,AINFT,195,3.60077e-07,356450488,15125977.0,-0.356,2025-12-06T16:45:52.357Z
ether-fi-staked-eth,EETH,ether.fi Staked ETH,196,3057.42,353327201,79138.0,1.23326,2025-12-06T16:45:53.917Z
plasma,XPL,Plasma,197,0.175368,346654058,72402508.0,-3.64415,2025-12-06T16:45:57.940Z
euro-coin,EURC,EURC,198,1.16,340649110,14400321.0,0.04775,2025-12-06T16:45:54.311Z
gala,GALA,GALA,199,0.0072917,340632759,32241338.0,2.6498,2025-12-06T16:45:54.432Z
jasmycoin,JASMY,JasmyCoin,200,0.00687228,339752933,23530253.0,2.58127,2025-12-06T16:45:55.603Z
theta-token,THETA,Theta Network,201,0.33859,338371408,12872276.0,2.66664,2025-12-06T16:46:00.277Z
benqi-liquid-staked-avax,SAVAX,BENQI Liquid Staked AVAX,202,16.53,336450638,10877360.0,0.15329,2025-12-06T16:45:51.993Z
gnosis,GNO,Gnosis,203,125.43,331007805,5380311.0,0.89607,2025-12-06T16:45:54.487Z
wrapped-hype,WHYPE,Wrapped HYPE,204,31.11,328902157,55896122.0,0.42497,2025-12-06T16:46:01.814Z
usx,USX,USX,205,0.999837,326939387,1000354.0,-0.01593,2025-12-06T16:46:00.673Z
kinesis-gold,KAU,Kinesis Gold,206,135.92,324328240,36186.0,0.41405,2025-12-06T16:45:55.585Z
chiliz,CHZ,Chiliz,208,0.03119042,316118583,87805865.0,6.28336,2025-12-06T16:45:52.938Z
vision-3,VSN,Vision,209,0.091845,316072492,19597460.0,0.22717,2025-12-06T16:46:00.917Z
swissborg,BORG,SwissBorg,210,0.319832,315212475,416286.0,7.9267,2025-12-06T16:45:59.874Z
raydium,RAY,Raydium,212,1.15,308556300,34741031.0,2.88037,2025-12-06T16:45:58.536Z
compound-governance-token,COMP,Compound,214,31.84,307795802,26373805.0,1.89618,2025-12-06T16:45:52.960Z
syrup,SYRUP,Maple Finance,213,0.269881,307756097,25854142.0,2.29632,2025-12-06T16:45:59.982Z
mimblewimblecoin,MWC,MimbleWimbleCoin,216,26.6,299638730,137739.0,-2.81547,2025-12-06T16:45:56.535Z
frax-ether,FRXETH,Frax Ether,215,3023.45,298505484,916094.0,1.59155,2025-12-06T16:45:54.242Z
mantle-restaked-eth,CMETH,Mantle Restaked ETH,218,3301.26,294544047,5240667.0,0.92002,2025-12-06T16:45:56.168Z
decentraland,MANA,Decentraland,219,0.153263,294124526,20465309.0,2.70959,2025-12-06T16:45:53.285Z
unit-bitcoin,UBTC,Unit Bitcoin,220,89807.0,294051340,46621787.0,1.55781,2025-12-06T16:46:00.576Z
vaulta,A,Vaulta,221,0.182375,293221856,27585340.0,0.76366,2025-12-06T16:46:00.824Z
neo,NEO,NEO,222,4.13,291149062,10934740.0,0.23175,2025-12-06T16:45:57.014Z
monad,MON,Monad,223,0.02660797,288240450,168218891.0,1.62873,2025-12-06T16:45:56.703Z
layerzero,ZRO,LayerZero,224,1.42,287962025,31713419.0,5.36213,2025-12-06T16:45:55.936Z
cap-usd,CUSD,Cap USD,225,1.0,287858809,21288.0,0.35393,2025-12-06T16:45:52.457Z
zksync,ZK,ZKsync,226,0.03350198,287526842,26074928.0,-0.50531,2025-12-06T16:46:01.898Z
astherus-staked-bnb,ASBNB,Aster Staked BNB,228,949.84,284732045,81656.0,2.59907,2025-12-06T16:45:51.445Z
frax,FRAX,Legacy Frax Dollar,229,0.994379,281894914,508134.0,0.07329,2025-12-06T16:45:54.247Z
fasttoken,FTN,Fasttoken,230,0.645236,279834113,1864573.0,-1.73573,2025-12-06T16:45:54.030Z
ape-and-pepe,APEPE,Ape and Pepe,231,1.33e-06,279629562,27197001.0,2.5588,2025-12-06T16:45:57.713Z
crvusd,CRVUSD,crvUSD,232,0.999311,271718790,14719024.0,0.41526,2025-12-06T16:45:57.157Z
zebec-network,ZBCN,Zebec Network,233,0.00280275,268716288,8406394.0,-1.15279,2025-12-06T16:46:01.741Z
falcon-finance-ff,FF,Falcon Finance,234,0.11395,266594174,13868386.0,0.16059,2025-12-06T16:45:54.207Z
arweave,AR,Arweave,236,4.0,261878838,16997789.0,0.74561,2025-12-06T16:45:51.405Z
hajimi,哈基米,Hajimi,237,0.258605,260760187,2359873.0,14.41272,2025-12-06T16:45:54.627Z
1inch,1INCH,1INCH,238,0.185643,260209118,49213399.0,2.22287,2025-12-06T16:45:50.935Z
cheems-token,CHEEMS,Cheems Token,239,1.28e-06,259881169,3213097.0,6.30303,2025-12-06T16:45:52.664Z
wrapped-avax,WAVAX,Wrapped AVAX,241,13.41,255514184,74530296.0,0.1932,2025-12-06T16:46:01.752Z
eigenlayer,EIGEN,EigenCloud (prev. EigenLayer),242,0.512321,249398243,36861794.0,-3.01766,2025-12-06T16:45:53.992Z
instadapp,FLUID,Fluid,243,3.22,248852821,4388516.0,-0.44964,2025-12-06T16:45:55.255Z
pippin,PIPPIN,pippin,244,0.243843,248263000,90549726.0,45.53997,2025-12-06T16:45:57.859Z
walrus-2,WAL,Walrus,245,0.160031,247362619,18471140.0,4.2194,2025-12-06T16:46:01.183Z
ethena-staked-ena,SENA,Ethena Staked ENA,246,0.263253,245772766,405508.0,-4.18063,2025-12-06T16:45:53.904Z
immutable-x,IMX,Immutable,247,0.295429,240602143,13370723.0,3.18178,2025-12-06T16:45:55.229Z
ecash,XEC,eCash,248,1.19e-05,237309142,4144481.0,1.70941,2025-12-06T16:45:53.721Z
undeads-games,UDS,Undeads Games,249,2.31,236526395,1459274.0,3.11908,2025-12-06T16:46:00.477Z
reallink,REAL,RealLink,250,0.078336,236510399,6840692.0,2.42162,2025-12-06T16:45:58.442Z
origintrail,TRAC,OriginTrail,251,0.524851,234758431,4239535.0,0.0336,2025-12-06T16:46:20.072Z
elrond-erd-2,EGLD,MultiversX,253,8.05,232294031,42770644.0,-1.33382,2025-12-06T16:46:16.259Z
thorchain,RUNE,THORChain,254,0.661865,231828153,105271086.0,2.92387,2025-12-06T16:46:11.516Z
drift-staked-sol,DSOL,Drift Staked SOL,255,154.34,228799676,84201.0,0.53152,2025-12-06T16:46:15.783Z
loaded-lions,LION,Loaded Lions,256,0.00741618,227055627,957234.0,2.53255,2025-12-06T16:46:18.420Z
treehouse-eth,TETH,Treehouse ETH,257,3739.35,225649013,3596748.0,1.19362,2025-12-06T16:46:11.478Z
kinesis-silver,KAG,Kinesis Silver,258,59.47,221361217,223569.0,1.66208,2025-12-06T16:46:18.094Z
golem,GLM,Golem,259,0.221312,221265805,7721325.0,0.55122,2025-12-06T16:46:16.944Z
bybit-staked-sol,BBSOL,Bybit Staked SOL,261,149.52,220497685,1058608.0,0.94539,2025-12-06T16:46:17.387Z
zero-gravity,0G,0G,262,1.029,219516336,16682862.0,-2.94196,2025-12-06T16:46:16.064Z
apecoin,APE,ApeCoin,264,0.238301,216522397,31378431.0,6.44415,2025-12-06T16:46:16.275Z
agora-dollar,AUSD,AUSD,265,0.999403,216440869,38985728.0,0.00903,2025-12-06T16:46:13.091Z
build-on,B,BUILDon,267,0.212668,212610192,10218972.0,-9.09729,2025-12-06T16:46:14.597Z
kamino,KMNO,Kamino,269,0.062252,212120079,11773885.0,3.94618,2025-12-06T16:46:18.104Z
zora,ZORA,Zora,268,0.04738222,211810925,25099378.0,2.90711,2025-12-06T16:46:16.817Z
wemix-token,WEMIX,WEMIX,271,0.455871,209500144,1914992.0,0.2228,2025-12-06T16:46:12.265Z
audiera,BEAT,Audiera,272,1.48,207187113,39485187.0,27.56126,2025-12-06T16:46:13.582Z
aethir,ATH,Aethir,274,0.01377805,206565004,8731397.0,3.08694,2025-12-06T16:46:18.912Z
wormhole,W,Wormhole,275,0.04067591,204989169,20354362.0,1.40805,2025-12-06T16:46:16.812Z
theo-short-duration-us-treasury-fund,THBILL,Theo Short Duration US Treasury Fund,276,1.012,203976181,1536142.0,0.02795,2025-12-06T16:46:11.350Z
reserve-rights-token,RSR,Reserve Rights,277,0.00330868,203944584,10064948.0,2.55315,2025-12-06T16:46:09.810Z
mx-token,MX,MX,278,2.15,198479679,17882404.0,2.16525,2025-12-06T16:46:19.364Z
btse-token,BTSE,BTSE Token,279,1.21,196686173,3897124.0,2.19066,2025-12-06T16:46:14.507Z
legacy-token,LGCT,Legacy Token,280,0.559644,192538738,1727241.0,-4.30555,2025-12-06T16:46:18.269Z
staked-frax-ether,SFRXETH,Staked Frax Ether,284,3456.66,183529139,164066.0,1.5698,2025-12-06T16:46:10.541Z
livepeer,LPT,Livepeer,285,3.86,182454041,10603930.0,3.24674,2025-12-06T16:46:18.469Z
jito-governance-token,JTO,Jito,288,0.442459,181058176,13223625.0,2.48566,2025-12-06T16:46:20.461Z
dexe,DEXE,DeXe,289,3.88,180964566,2233848.0,1.07326,2025-12-06T16:46:16.390Z
axie-infinity,AXS,Axie Infinity,290,1.081,180695832,17636822.0,5.68596,2025-12-06T16:46:13.857Z
amp-token,AMP,Amp,291,0.00213984,180357721,15884001.0,3.89738,2025-12-06T16:46:13.324Z
alchemist-ai,ALCH,Alchemist AI,294,0.209374,178189116,13957509.0,0.79356,2025-12-06T16:46:13.117Z
dydx-chain,DYDX,dYdX,295,0.221018,177826467,6449494.0,-1.38953,2025-12-06T16:46:15.873Z
resolv-usr,USR,Resolv USR,296,0.999053,177404966,630032.0,-0.15041,2025-12-06T16:46:09.850Z
chain-2,XCN,Onyxcoin,297,0.00484729,176263264,10715338.0,-0.09474,2025-12-06T16:46:14.767Z
zano,ZANO,Zano,298,11.69,175990916,1692981.0,-1.20209,2025-12-06T16:46:15.881Z
havven,SNX,Synthetix,299,0.510698,175230459,21446585.0,3.0893,2025-12-06T16:46:17.343Z
lombard-protocol,BARD,Lombard,300,0.777883,175188277,19950547.0,-2.84541,2025-12-06T16:46:18.866Z
ribbita-by-virtuals,TIBBIR,Ribbita by Virtuals,301,0.173501,173068453,9461299.0,-2.90371,2025-12-06T16:46:09.802Z
wefi,WFI,WeFi,302,2.28,172634506,4704333.0,-2.45193,2025-12-06T16:46:12.261Z
beam-2,BEAM,Beam,303,0.00335891,172275528,4648311.0,2.71136,2025-12-06T16:46:14.049Z
prometeus,PROM,Prom,304,9.25,168798929,4874174.0,1.37136,2025-12-06T16:46:20.678Z
based-brett,BRETT,Brett,305,0.01699401,168393822,22005699.0,-1.44556,2025-12-06T16:46:13.993Z
safepal,SFP,SafePal,306,0.336218,168049211,1907516.0,2.9617,2025-12-06T16:46:20.301Z
kraken-wrapped-btc,KBTC,Kraken Wrapped BTC,308,89981.0,166507698,305406.0,0.54881,2025-12-06T16:46:18.194Z
toshi,TOSHI,Toshi,309,0.00039475,165929058,10757952.0,2.91277,2025-12-06T16:46:11.559Z
uchain-2,UCN,UCHAIN,310,1648.89,164881699,10304614.0,0.43627,2025-12-06T16:46:11.606Z
kite-2,KITE,Kite,311,0.091402,164704540,38457416.0,-0.92091,2025-12-06T16:46:18.133Z
concordium,CCD,Concordium,312,0.01385854,163075601,348594.0,4.83744,2025-12-06T16:46:15.099Z
bnb48-club-token,KOGE,KOGE,313,48.12,162201267,129797532.0,0.24951,2025-12-06T16:46:14.354Z
infinifi-usd,IUSD,InfiniFi USD,314,1.0,161897528,165058.0,0.02167,2025-12-06T16:46:17.618Z
resolv-wstusr,WSTUSR,Resolv wstUSR,315,1.12,161774032,1247155.0,0.05695,2025-12-06T16:46:09.740Z
meteora,MET,Meteora,316,0.33269,161530368,47756803.0,6.40167,2025-12-06T16:46:19.093Z
superfarm,SUPER,SuperVerse,317,0.252182,160741618,17511592.0,2.41877,2025-12-06T16:46:10.999Z
creditcoin-2,CTC,Creditcoin,318,0.316279,159306683,13287168.0,7.26804,2025-12-06T16:46:15.263Z
convex-finance,CVX,Convex Finance,319,1.77,159231422,4341055.0,0.92316,2025-12-06T16:46:15.203Z
kaito,KAITO,KAITO,320,0.654865,158077674,12279627.0,0.32221,2025-12-06T16:46:18.127Z
bitmart-token,BMX,BitMart,321,0.459656,156006869,6051411.0,-1.1867,2025-12-06T16:46:14.172Z
sosovalue,SOSO,SoSoValue,322,0.567106,155818815,9177602.0,-1.17379,2025-12-06T16:46:17.789Z
reserve-protocol-eth-plus,ETH+,ETHPlus,324,3249.31,153405006,1125338.0,1.28197,2025-12-06T16:46:09.716Z
soon-2,SOON,SOON,323,0.428191,153369876,10666926.0,-3.25891,2025-12-06T16:46:10.480Z
theta-fuel,TFUEL,Theta Fuel,325,0.02119555,151605724,1760595.0,0.61998,2025-12-06T16:46:11.373Z
railgun,RAIL,Railgun,326,2.63,151255531,2538683.0,1.8563,2025-12-06T16:46:09.537Z
qtum,QTUM,Qtum,327,1.43,151050739,6026923.0,-0.32704,2025-12-06T16:46:20.859Z
turbo,TURBO,Turbo,328,0.00218333,150751805,35398137.0,-1.80482,2025-12-06T16:46:11.834Z
flare-bridged-xrp-flare,FXRP,Flare Bridged XRP (Flare),329,2.03,150540847,3035870.0,-0.47441,2025-12-06T16:46:16.514Z
standx-dusd,DUSD,StandX DUSD,330,0.999542,150204006,19335031.0,-0.07912,2025-12-06T16:46:10.650Z
zencash,ZEN,Horizen,331,8.49,149884319,29102263.0,-0.75271,2025-12-06T16:46:16.040Z
gusd,GUSD,GUSD,332,0.999446,149702213,4827399.0,-0.01542,2025-12-06T16:46:17.037Z
gmt-token,GOMINING,GoMining Token,334,0.361966,147144579,9232069.0,-0.50886,2025-12-06T16:46:16.875Z
conscious-token,CONSCIOUS,Conscious Token,336,0.312536,146513999,134124.0,2.3761,2025-12-06T16:46:15.100Z
origin-ether,OETH,Origin Ether,337,3054.24,146498830,161140.0,1.59617,2025-12-06T16:46:20.041Z
kusama,KSM,Kusama,341,8.22,143176405,5527196.0,0.37434,2025-12-06T16:46:18.195Z
grass,GRASS,Grass,342,0.326182,142127586,31006268.0,3.50051,2025-12-06T16:46:17.000Z
phantom-staked-sol,PSOL,Phantom Staked SOL,343,139.36,141824026,263398.0,1.0012,2025-12-06T16:46:20.318Z
gas,GAS,Gas,346,2.14,139579208,2238594.0,1.39999,2025-12-06T16:46:16.776Z
aioz-network,AIOZ,AIOZ Network,347,0.114928,138729755,5053852.0,1.53216,2025-12-06T16:46:13.079Z
ronin,RON,Ronin,348,0.192479,138375278,22144137.0,24.97606,2025-12-06T16:46:09.882Z
linea,LINEA,Linea,349,0.00819549,136941173,34202891.0,0.12994,2025-12-06T16:46:18.461Z
folks,FOLKS,FOLKS,350,10.95,135739071,6144818.0,-0.73721,2025-12-06T16:46:16.548Z
meta-2-2,META,MetaDAO,351,6.06,134137997,2095565.0,5.34111,2025-12-06T16:46:18.917Z
quantum-resistant-ledger,QRL,Quantum Resistant Ledger,352,1.7,133594108,231141.0,13.09375,2025-12-06T16:46:20.845Z
nervos-network,CKB,Nervos Network,353,0.00276207,131805622,21559019.0,5.0569,2025-12-06T16:46:19.624Z
four,FORM,Four,354,0.342571,130733078,4332880.0,2.87364,2025-12-06T16:46:16.568Z
coredaoorg,CORE,Core,357,0.127394,129853278,9343543.0,-0.47212,2025-12-06T16:46:15.183Z
dola-usd,DOLA,DOLA,358,0.996786,128858098,1449516.0,-0.0198,2025-12-06T16:46:15.765Z
shuffle-2,SHFL,Shuffle,359,0.362663,128699578,386985.0,-0.49152,2025-12-06T16:46:10.126Z
etherfi-weeths,WEETHS,ether.fi weETHs,360,3182.13,128381856,36017.0,1.54651,2025-12-06T16:46:16.254Z
yearn-finance,YFI,yearn.finance,361,3624.9,127056075,12221610.0,-0.80991,2025-12-06T16:46:17.150Z
movement,MOVE,Movement,362,0.04468004,125036268,12139665.0,1.38229,2025-12-06T16:46:19.338Z
axelar,AXL,Axelar,363,0.11533,124852667,6572119.0,3.78237,2025-12-06T16:46:13.781Z
ravencoin,RVN,Ravencoin,364,0.00786497,124847352,6788947.0,4.52906,2025-12-06T16:46:09.599Z
bianrensheng,币安人生,币安人生 (BinanceLife),365,0.124422,124788811,9815237.0,10.76607,2025-12-06T16:46:14.024Z
rekt-4,REKT,Rekt,366,2.96372e-07,124679991,1044328.0,-0.13874,2025-12-06T16:46:09.687Z
akash-network,AKT,Akash Network,367,0.438126,123803775,4252092.0,-0.60182,2025-12-06T16:46:13.055Z
0x,ZRX,0x Protocol,368,0.14439,122458894,10258515.0,1.27315,2025-12-06T16:46:12.843Z
mina-protocol,MINA,Mina Protocol,369,0.096694,122202303,8076826.0,3.24195,2025-12-06T16:46:19.118Z
baby-doge-coin,BABYDOGE,Baby Doge Coin,370,6.969e-10,121877835,5546689.0,5.22844,2025-12-06T16:46:18.908Z
pieverse,PIEVERSE,Pieverse,372,0.696006,121668130,80363783.0,27.94933,2025-12-06T16:46:20.353Z
kava,KAVA,Kava,371,0.112292,121629158,5473316.0,-0.13856,2025-12-06T16:46:18.057Z
super-oeth,SUPEROETH,Super OETH,373,3053.59,121047998,131709.0,1.75014,2025-12-06T16:46:10.958Z
ozone-chain,OZO,Ozone Chain,374,0.132023,120286880,192255.0,1.33973,2025-12-06T16:46:20.092Z
berachain-bera,BERA,Berachain,375,0.884243,120229739,14404024.0,0.51901,2025-12-06T16:46:14.094Z
threshold-network-token,T,Threshold Network,376,0.01114795,120198256,5053454.0,1.2149,2025-12-06T16:46:11.469Z
mag7-ssi,MAG7.SSI,MAG7.ssi,377,0.711618,119868604,377225.0,0.58448,2025-12-06T16:46:18.519Z
arkham,ARKM,Arkham,378,0.225222,119770929,18646461.0,2.86316,2025-12-06T16:46:13.575Z
coinex-token,CET,CoinEx,381,0.04501101,115943605,77180.0,0.73434,2025-12-06T16:46:14.981Z
venom,VENOM,Venom,382,0.05399,114564115,598440.0,-0.6046,2025-12-06T16:46:11.919Z
digibyte,DGB,DigiByte,383,0.00635081,114561842,1808215.0,2.30589,2025-12-06T16:46:15.690Z
bitkub-coin,KUB,KUB Coin,384,1.29,114304957,317594.0,1.66812,2025-12-06T16:46:16.655Z
frax-usd,FRXUSD,Frax USD,385,1.0,114044356,3673441.0,0.13304,2025-12-06T16:46:16.640Z
keeta,KTA,Keeta,386,0.25757,114009464,3199634.0,2.73566,2025-12-06T16:46:18.067Z
eos,EOS,EOS,387,0.181864,113860547,74038.0,1.41394,2025-12-06T16:46:16.171Z
staked-trx,STRX,Staked TRX,388,0.363924,113859212,2087408.0,2.50959,2025-12-06T16:46:10.601Z
dog-go-to-the-moon-rune,DOG,Dog (Bitcoin),391,0.0011326,113257275,3105837.0,6.38425,2025-12-06T16:46:15.743Z
stp-network,AWE,AWE Network,389,0.058264,113159416,4644972.0,-1.97913,2025-12-06T16:46:10.929Z
mog-coin,MOG,Mog Coin,390,2.89023e-07,113019014,7751377.0,3.10573,2025-12-06T16:46:19.244Z
humanity,H,Humanity,392,0.061762,112893424,51840222.0,-20.06945,2025-12-06T16:46:17.366Z
usda-3,USDA,USDA,393,0.995541,110621816,1557624.0,0.21237,2025-12-06T16:46:11.702Z
velo,VELO,Velo,395,0.00627913,110281557,15573080.0,10.07359,2025-12-06T16:46:11.942Z
nexpace,NXPC,Nexpace,394,0.490962,110251731,24743232.0,1.77334,2025-12-06T16:46:19.606Z
ether-fi-staked-btc,EBTC,Ether.fi Staked BTC,396,90061.0,109878614,268773.0,2.28625,2025-12-06T16:46:16.242Z
zilliqa,ZIL,Zilliqa,397,0.00555737,108784060,12525462.0,8.28717,2025-12-06T16:46:16.161Z
safe,SAFE,Safe,398,0.160823,108486861,6271719.0,8.3914,2025-12-06T16:46:09.904Z
nano,XNO,Nano,399,0.809995,107924405,3771264.0,2.07421,2025-12-06T16:46:19.429Z
tominet,TOMI,TOMI,400,1.84e-06,107911328,109573.0,-30.8338,2025-12-06T16:46:12.001Z
rollbit-coin,RLB,Rollbit Coin,401,0.058606,107338661,208523.0,4.07843,2025-12-06T16:46:09.814Z
snek,SNEK,Snek,402,0.00143224,107075671,5819483.0,0.37681,2025-12-06T16:46:10.264Z
verge,XVG,Verge,403,0.00646596,106860847,8788563.0,-0.36608,2025-12-06T16:46:11.970Z
tdccp,TDCCP,TDCCP,404,0.166609,106498715,365218.0,0.95943,2025-12-06T16:46:11.125Z
cash-4,CASH,CASH,406,0.999524,106318602,13943102.0,-0.06752,2025-12-06T16:46:14.611Z
anzen-usdz,USDZ,Anzen USDz,405,0.966494,106294152,25696.0,-0.16493,2025-12-06T16:46:13.305Z
wrapped-aave-ethereum-weth,WAETHWETH,Wrapped Aave Ethereum WETH,407,3257.1,105754022,36717.0,-1.71382,2025-12-06T16:46:12.884Z
non-playable-coin,NPC,Non-Playable Coin,408,0.01310031,105504069,7431568.0,2.84056,2025-12-06T16:46:19.715Z
ai-companions,AIC,AI Companions,410,0.104463,104531481,4071226.0,-2.1106,2025-12-06T16:46:12.996Z
useless-3,USELESS,Useless Coin,411,0.104228,104218194,21907141.0,-3.68911,2025-12-06T16:46:11.903Z
melania-meme,MELANIA,Melania Meme,412,0.117804,104125138,11071780.0,3.31847,2025-12-06T16:46:18.887Z
terra-luna-2,LUNA,Terra,414,0.149405,103808321,322463929.0,54.53101,2025-12-06T16:46:11.290Z
astar,ASTR,Astar,415,0.0125808,103771599,2942525.0,0.48297,2025-12-06T16:46:13.588Z
unibase,UB,Unibase,416,0.04136337,103502743,11820072.0,-0.06894,2025-12-06T16:46:11.647Z
metal-blockchain,METAL,Metal Blockchain,417,0.201872,103009167,1034952.0,2.47788,2025-12-06T16:46:18.916Z
universal-btc,UNIBTC,Universal BTC,418,89604.0,101606060,41581.0,2.40289,2025-12-06T16:46:11.688Z
cow-protocol,COW,CoW Protocol,419,0.190462,101580391,8108302.0,2.47403,2025-12-06T16:46:15.310Z
edu-coin,EDU,Open Campus,420,0.161065,101558432,4389559.0,3.2031,2025-12-06T16:46:16.383Z
chainopera-ai,COAI,ChainOpera AI,421,0.512918,101076065,11424440.0,3.79261,2025-12-06T16:46:14.817Z
zetachain,ZETA,ZetaChain,423,0.086177,100751217,4773854.0,2.02884,2025-12-06T16:46:16.059Z
mnee-usd-stablecoin,MNEE,MNEE USD Stablecoin,424,0.998099,100647318,91083.0,-0.21026,2025-12-06T16:46:19.166Z
vaultbridge-bridged-eth-katana,VBETH,VaultBridge Bridged ETH (Katana),426,3065.41,100459527,6930454.0,0.93822,2025-12-06T16:46:11.886Z
ring-usd,USDR,Ring USD,425,0.998995,100452303,15492.02,0.09363,2025-12-06T16:46:09.788Z
deep,DEEP,DeepBook,427,0.03999982,100054196,10925714.0,0.25649,2025-12-06T16:46:15.457Z
oasis-network,ROSE,Oasis,429,0.01340657,99829964,2601606.0,3.09734,2025-12-06T16:46:19.762Z
celo,CELO,Celo,430,0.167685,98833559,14195745.0,2.7463,2025-12-06T16:46:15.074Z
popcat,POPCAT,Popcat,432,0.100865,98651334,13854201.0,1.66975,2025-12-06T16:46:20.663Z
resolv-rlp,RLP,Resolv Liquidity Provider Token,436,1.26,97246102,933663.0,-0.05421,2025-12-06T16:46:09.737Z
drift-protocol,DRIFT,Drift Protocol,437,0.234463,96895093,9683951.0,1.54837,2025-12-06T16:46:15.826Z
unit-pump,UPUMP,Unit Pump,438,0.00303137,96706544,3506371.0,5.83312,2025-12-06T16:46:11.700Z
proton,XPR,XPR Network,440,0.00337894,95362315,2128418.0,-0.74952,2025-12-06T16:46:09.339Z
cat-in-a-dogs-world,MEW,cat in a dogs world,443,0.00106601,94765505,13133048.0,0.69299,2025-12-06T16:46:14.701Z
onfa,OFT,ONFA,441,0.865213,94627479,1311220.0,-1.95166,2025-12-06T16:46:19.848Z
qubic-network,QUBIC,Qubic,442,7.44555e-07,94603215,2110039.0,0.6131,2025-12-06T16:46:09.604Z
burnedfi,BURN,BurnedFi,444,7.51,93212113,544686.0,0.04935,2025-12-06T16:46:14.617Z
siacoin,SC,Siacoin,446,0.00165148,92522864,2822701.0,2.24401,2025-12-06T16:46:13.886Z
blur,BLUR,Blur,447,0.03501934,92162660,9057372.0,0.58489,2025-12-06T16:46:14.926Z
niza-global-2,NIZA,Niza Global,448,0.07984,91914559,1887442.0,4.88644,2025-12-06T16:46:19.617Z
aleo,ALEO,ALEO,450,0.129544,91613330,4326003.0,-3.5419,2025-12-06T16:46:13.116Z
hashkey-ecopoints,HSK,HashKey Platform Token,451,0.278941,91601270,1395941.0,-0.87776,2025-12-06T16:46:17.186Z
minidoge-5,MINIDOGE,Minidoge,449,1.30618e-07,91432668,4805131.0,-6.92245,2025-12-06T16:46:19.082Z
sushi,SUSHI,Sushi,452,0.333497,91039910,15334367.0,1.38643,2025-12-06T16:46:11.156Z
vethor-token,VTHO,VeThor,453,0.00094025,90988234,1220982.0,0.39367,2025-12-06T16:46:12.057Z
holotoken,HOT,Holo,454,0.00051077,90699525,3628180.0,1.8927,2025-12-06T16:46:17.343Z
c8ntinuum,CTM,c8ntinuum,455,0.11028,90585518,1306437.0,-0.36673,2025-12-06T16:46:14.539Z
vvs-finance,VVS,VVS Finance,456,2.11e-06,90406228,322914.0,1.70635,2025-12-06T16:46:19.863Z
avant-usd,AVUSD,Avant USD,457,1.0,90090623,198564.0,0.14624,2025-12-06T16:46:13.718Z
novem-pro,NVM,Novem Pro,458,0.411059,89828009,294457.0,0.00462,2025-12-06T16:46:19.684Z
sahara-ai,SAHARA,Sahara AI,460,0.03639649,89634901,16090655.0,-2.38454,2025-12-06T16:46:09.951Z
gmx,GMX,GMX,461,8.65,89467744,6244206.0,1.97158,2025-12-06T16:46:17.048Z
giggle-fund,GIGGLE,Giggle Fund,462,89.09,89323373,40462066.0,-0.64569,2025-12-06T16:46:16.891Z
vana,VANA,Vana,463,2.9,89163495,5749584.0,0.41714,2025-12-06T16:46:11.899Z
mocaverse,MOCA,Moca Network,465,0.02250473,88907414,4826721.0,0.21145,2025-12-06T16:46:19.175Z
bio-protocol,BIO,Bio Protocol,466,0.050025,88440983,17484935.0,1.61459,2025-12-06T16:46:14.197Z
numeraire,NMR,Numeraire,468,11.0,88073253,14178584.0,-2.35098,2025-12-06T16:46:19.743Z
succinct,PROVE,Succinct,470,0.447914,87336919,8638489.0,4.14939,2025-12-06T16:46:11.077Z
coca,COCA,COCA,472,0.763438,86622879,378822.0,3.36803,2025-12-06T16:46:14.945Z
avantis,AVNT,Avantis,473,0.333752,86145282,21366513.0,0.82867,2025-12-06T16:46:13.801Z
river,RIVER,River,474,4.43,85990169,5621289.0,-2.65801,2025-12-06T16:46:09.807Z
chutes,SN64,Chutes,476,23.22,85828364,651456.0,3.72198,2025-12-06T16:46:14.871Z
peanut-the-squirrel,PNUT,Peanut the Squirrel,478,0.084669,84657280,21058613.0,3.26846,2025-12-06T16:46:20.457Z
mantra-dao,OM,MANTRA,479,0.074631,84316835,16928084.0,2.1428,2025-12-06T16:46:18.833Z
ordinals,ORDI,ORDI,480,4.0,84125855,18515006.0,2.43586,2025-12-06T16:46:20.030Z
vicicoin,VCNT,ViciCoin,481,17.23,84094421,214400.0,0.60524,2025-12-06T16:46:12.051Z
kinetiq-earn-vault,VKHYPE,Kinetiq Earn Vault,483,31.56,83194245,1556024.0,0.58868,2025-12-06T16:46:18.090Z
vaultbridge-bridged-wbtc-katana,VBWBTC,VaultBridge Bridged WBTC (Katana),484,89813.0,82596432,915333.0,0.49201,2025-12-06T16:46:11.921Z
avant-staked-usd,SAVUSD,Avant Staked USD,487,1.12,81906745,156695.0,0.30483,2025-12-06T16:46:13.713Z
debridge,DBR,deBridge,488,0.01948649,80239807,1526355.0,-0.7381,2025-12-06T16:46:15.448Z
chia,XCH,Chia,489,5.48,80073469,3626997.0,-0.35341,2025-12-06T16:46:14.871Z
orca,ORCA,Orca,490,1.32,80063560,28609162.0,4.42505,2025-12-06T16:46:20.023Z
staked-hype,STHYPE,Staked HYPE,491,31.09,79889413,79875.0,0.51991,2025-12-06T16:46:10.588Z
request-network,REQ,Request,492,0.106994,79622176,2256084.0,0.93625,2025-12-06T16:46:09.734Z
redstone-oracles,RED,RedStone,493,0.26605,79058951,13729442.0,-0.8662,2025-12-06T16:46:09.697Z
venus,XVS,Venus,496,4.69,78588957,6956411.0,0.85825,2025-12-06T16:46:16.511Z
casper-network,CSPR,Casper Network,497,0.00574853,78474529,2249355.0,6.96753,2025-12-06T16:46:14.743Z
zignaly,ZIG,ZIGChain,499,0.055488,78202897,5722884.0,1.13793,2025-12-06T16:46:16.050Z
world-mobile-token,WMTX,World Mobile Token,498,0.097665,78123843,11930983.0,1.77158,2025-12-06T16:46:12.393Z
centrifuge-2,CFG,Centrifuge,500,0.13611,77959417,637774.0,0.59002,2025-12-06T16:46:14.809Z
ankr,ANKR,Ankr Network,501,0.00777751,77753323,5702791.0,2.02353,2025-12-06T16:45:40.221Z
skale,SKL,SKALE,503,0.01276155,77302572,5853095.0,2.48099,2025-12-06T16:45:47.970Z
iotex,IOTX,IoTeX,505,0.0081457,76888139,3682881.0,2.16912,2025-12-06T16:45:44.266Z
polymesh,POLYX,Polymesh,506,0.062742,76829278,3620849.0,0.00381,2025-12-06T16:45:46.933Z
societe-generale-forge-eurcv,EURCV,EUR CoinVertible,507,1.16,76486437,6655704.0,-0.03207,2025-12-06T16:45:47.991Z
gama-token,GAMA,Gama Token,508,0.764393,76459747,322704.0,0.0,2025-12-06T16:45:43.245Z
euler,EUL,Euler,509,4.04,75911925,9572211.0,9.14842,2025-12-06T16:45:42.887Z
slash-vision-labs,SVL,Slash Vision Labs,510,0.03349084,75440152,305930.0,1.40456,2025-12-06T16:45:47.911Z
felix-feusd,FEUSD,Felix feUSD,511,1.004,75414004,164139.0,0.35996,2025-12-06T16:45:43.053Z
recall,RECALL,Recall,512,0.114468,75317953,18894831.0,-4.39011,2025-12-06T16:45:47.421Z
ini,INI,INI,513,0.127191,75226844,1049206.0,0.26746,2025-12-06T16:45:44.197Z
atomone,ATONE,AtomOne,514,0.64144,75215682,37128.0,5.07461,2025-12-06T16:45:40.430Z
compounding-open-dollar,CUSDO,Compounding OpenDollar,516,1.033,75162218,1280259.0,0.03812,2025-12-06T16:45:41.788Z
lagrange,LA,Lagrange,518,0.388507,74968201,16273134.0,3.74913,2025-12-06T16:45:44.742Z
aelf,ELF,aelf,520,0.091633,74327176,1566248.0,-0.07262,2025-12-06T16:45:39.715Z
puff-the-dragon,PUFF,Puff The Dragon,522,0.081948,72842533,30166.0,-0.55432,2025-12-06T16:45:47.225Z
moo-deng,MOODENG,Moo Deng,523,0.073531,72807462,11584831.0,3.12502,2025-12-06T16:45:45.742Z
icon,ICX,ICON,525,0.066831,72293460,1954052.0,3.98681,2025-12-06T16:45:44.058Z
xyo-network,XYO,XYO Network,526,0.00518695,72265370,19169708.0,-10.87733,2025-12-06T16:45:43.362Z
uma,UMA,UMA,527,0.809518,71902811,6704559.0,2.51784,2025-12-06T16:45:49.341Z
avici,AVICI,Avici,528,5.53,71387846,7825684.0,4.14258,2025-12-06T16:45:40.579Z
api3,API3,Api3,529,0.516223,71362037,12165464.0,1.70293,2025-12-06T16:45:43.327Z
infrared-bera,IBERA,Infrared Bera,530,0.90741,71093638,157398.0,0.00843,2025-12-06T16:45:44.180Z
omni-network,OMNI,Omni Network [Old],531,1.41,70986836,552536.0,-22.81044,2025-12-06T16:45:46.227Z
optio,OPT,Optio,532,0.00620098,70502215,60507.0,23.23589,2025-12-06T16:45:46.288Z
waves,WAVES,Waves,535,0.7016,70215996,8025287.0,-0.40423,2025-12-06T16:45:50.055Z
solo-coin,SOLO,Sologenic,538,0.174418,69623593,2212105.0,-2.47968,2025-12-06T16:45:48.054Z
memecoin-2,MEME,Memecoin,540,0.00117884,69519411,11114954.0,3.63381,2025-12-06T16:45:45.417Z
illuvium,ILV,Illuvium,542,7.24,68650596,5817756.0,3.67107,2025-12-06T16:45:44.112Z
apex-token-2,APEX,APEX,544,0.531403,68341755,3022752.0,-1.0843,2025-12-06T16:45:40.135Z
lcx,LCX,LCX,543,0.07262,68335610,251972.0,-3.84254,2025-12-06T16:45:44.741Z
home,HOME,HOME,545,0.02425963,68122589,8642811.0,0.0878,2025-12-06T16:45:43.910Z
coti,COTI,COTI,546,0.02686541,67734085,6142020.0,4.55772,2025-12-06T16:45:41.980Z
siren-2,SIREN,Siren,547,0.091985,67049026,3645041.0,2.67052,2025-12-06T16:45:47.905Z
band-protocol,BAND,Band,548,0.399669,66715284,5240581.0,1.7538,2025-12-06T16:45:40.657Z
gohome,GOHOME,GOHOME,549,126.68,66435458,1999040.0,-0.24741,2025-12-06T16:45:43.537Z
pay-coin,PCI,Paycoin,550,0.064898,66363302,359392.0,-1.89327,2025-12-06T16:45:46.592Z
altlayer,ALT,AltLayer,551,0.01337906,66348589,11763177.0,4.87654,2025-12-06T16:45:40.011Z
plume,PLUME,Plume,553,0.0208325,65330333,16548178.0,-0.78221,2025-12-06T16:45:46.836Z
mask-network,MASK,Mask Network,554,0.653409,65324194,9107085.0,-0.04951,2025-12-06T16:45:45.307Z
gems-vip,GEMS,Gems VIP,555,0.101315,65171317,2008674.0,-0.2471,2025-12-06T16:45:43.344Z
matrixdock-gold,XAUM,Matrixdock Gold,556,4216.11,65059066,157616.0,-0.35734,2025-12-06T16:45:45.234Z
bitdca,BDCA,BitDCA,557,0.858401,64922017,539232.0,7.85651,2025-12-06T16:45:41.031Z
axycoin,AXYC,AxyCoin,558,3.68,64619741,201728.0,0.52556,2025-12-06T16:45:40.543Z
apex-4,AP3X,APEX,559,0.051006,64235297,99811.0,-0.19649,2025-12-06T16:45:40.118Z
ontology,ONT,Ontology,563,0.069427,63899178,4268420.0,0.78542,2025-12-06T16:45:46.275Z
comedian,BAN,Comedian,561,0.064246,63893976,5683954.0,5.75326,2025-12-06T16:45:44.838Z
pundi-x-2,PUNDIX,Pundi X,562,0.24698,63816279,1626680.0,0.80858,2025-12-06T16:45:47.194Z
mbg-by-multibank-group,MBG,MBG By Multibank Group,564,0.484531,63210747,19978252.0,1.96624,2025-12-06T16:45:45.233Z
unit-plasma,UXPL,Unit Plasma,566,0.175269,63041525,1473893.0,-3.61822,2025-12-06T16:45:49.433Z
irys,IRYS,Irys,567,0.03134029,62880325,34090095.0,-8.72143,2025-12-06T16:45:44.391Z
deso,DESO,Decentralized Social,568,5.95,62711887,25806.0,-0.21857,2025-12-06T16:45:42.316Z
loopring,LRC,Loopring,570,0.050138,62472098,5576204.0,2.91828,2025-12-06T16:45:45.034Z
luxxcoin,LUX,Luxxcoin,571,0.0006215,62149770,59949.0,-1.30022,2025-12-06T16:45:45.013Z
enjincoin,ENJ,Enjin Coin,572,0.03232098,61745112,5177578.0,5.0132,2025-12-06T16:45:42.819Z
peaq-2,PEAQ,peaq,573,0.04120585,61479422,2265881.0,-0.00435,2025-12-06T16:45:46.625Z
hivemapper,HONEY,Hivemapper,574,0.01162993,61321688,1981965.0,-5.13602,2025-12-06T16:45:43.916Z
geodnet,GEOD,Geodnet,575,0.139407,61131968,180734.0,-0.45824,2025-12-06T16:45:43.368Z
status,SNT,Status,576,0.0153054,60603445,1307216.0,0.25059,2025-12-06T16:45:48.437Z
ethereum-pow-iou,ETHW,EthereumPoW,577,0.560438,60478778,3385572.0,1.76119,2025-12-06T16:45:42.851Z
ardor,ARDR,Ardor,581,0.05939,59376187,7736023.0,-1.24663,2025-12-06T16:45:40.248Z
yooldo-games,ESPORTS,Yooldo Games,582,0.388884,58973112,13352426.0,-1.43003,2025-12-06T16:45:39.608Z
biconomy,BICO,Biconomy,583,0.052277,58604830,2563362.0,1.97446,2025-12-06T16:45:40.794Z
tellor,TRB,Tellor Tributes,584,21.21,58217397,13875803.0,1.07195,2025-12-06T16:45:48.971Z
og-fan-token,OG,OG Fan Token,585,12.99,58151198,5678977.0,0.02013,2025-12-06T16:45:46.180Z
babylon,BABY,Babylon,586,0.01979227,58083499,11083565.0,3.31931,2025-12-06T16:45:40.598Z
bim-2,BIM,BIM,587,1.93,57961688,341859.0,0.67217,2025-12-06T16:45:40.784Z
harmony,ONE,Harmony,588,0.00391158,57795049,3070141.0,4.1764,2025-12-06T16:45:43.738Z
terrausd,USTC,TerraClassicUSD,589,0.01041182,57615381,75633062.0,40.61844,2025-12-06T16:45:49.003Z
paxos-standard,USDP,Pax Dollar,590,0.998881,57503128,5392722.0,-0.00662,2025-12-06T16:45:46.627Z
ecomi,OMI,ECOMI,591,0.00021035,56974808,2373227.0,0.82342,2025-12-06T16:45:42.653Z
tokenlon,LON,Tokenlon,592,0.457927,56827967,20460.0,-0.70118,2025-12-06T16:45:49.110Z
neiro-3,NEIRO,Neiro,593,0.00013484,56698280,22788405.0,3.32473,2025-12-06T16:45:46.029Z
echelon-prime,PRIME,Echelon Prime,594,1.032,56635754,10048970.0,-12.36664,2025-12-06T16:45:42.657Z
ark,ARK,ARK,596,0.291787,56069786,1987684.0,-0.82561,2025-12-06T16:45:40.268Z
notcoin,NOT,Notcoin,600,0.00055935,55595993,8975509.0,1.29268,2025-12-06T16:45:46.182Z
mindwavedao,NILA,MindWaveDAO,599,0.065867,55510391,288994.0,0.19772,2025-12-06T16:45:45.552Z
magic-eden,ME,Magic Eden,602,0.327029,55388950,7270622.0,0.1358,2025-12-06T16:45:45.099Z
bora,BORA,BORA,603,0.04793366,55286679,324199.0,0.1426,2025-12-06T16:45:41.186Z
stronghold-token,SHX,Stronghold,604,0.01025181,55244081,1094702.0,-0.33385,2025-12-06T16:45:48.492Z
rocket-pool,RPL,Rocket Pool,608,2.46,53935866,3984386.0,2.29738,2025-12-06T16:45:47.616Z
escoin-token,ELG,Escoin,609,0.292785,53912774,261395.0,2.16967,2025-12-06T16:45:42.810Z
osmosis,OSMO,Osmosis,610,0.071477,53895532,3900836.0,1.66884,2025-12-06T16:45:46.548Z
iostoken,IOST,IOST,611,0.00181971,53728079,9650604.0,-1.80329,2025-12-06T16:45:44.363Z
hive,HIVE,Hive,612,0.10639,53599897,6763424.0,2.46301,2025-12-06T16:45:43.896Z
law-blocks,LBT,Law Blocks,613,0.217981,53395000,511299.0,-0.08458,2025-12-06T16:45:44.768Z
okzoo,AIOT,OKZOO,615,0.473607,53256975,2491389.0,0.93509,2025-12-06T16:45:46.267Z
marsmi,MARSMI,MarsMi,616,0.053208,53207651,151834.0,0.20313,2025-12-06T16:45:45.202Z
lava-network,LAVA,Lava Network,617,0.163051,52726571,565402.0,3.60334,2025-12-06T16:45:44.751Z
iexec-rlc,RLC,iExec RLC,618,0.726695,52601602,3396260.0,-0.9692,2025-12-06T16:45:44.278Z
stepn,GMT,GMT,619,0.01688804,52519575,18319384.0,-2.22668,2025-12-06T16:45:48.558Z
anoma,XAN,Anoma,621,0.02097602,52278352,21338477.0,4.51956,2025-12-06T16:45:40.207Z
degen-base,DEGEN,Degen,623,0.00141117,52164858,9901505.0,6.04477,2025-12-06T16:45:42.230Z
ssv-network,SSV,SSV Network,622,3.55,52135392,6708591.0,1.5795,2025-12-06T16:45:48.343Z
overtake,TAKE,OVERTAKE,624,0.293195,51889641,40923411.0,-3.78439,2025-12-06T16:45:46.510Z
yei-finance,CLO,Yei Finance,625,0.401136,51811870,4150518.0,1.92511,2025-12-06T16:45:39.467Z
resupply-usd,REUSD,Resupply USD,626,0.989212,51748345,15056987.0,-0.03634,2025-12-06T16:45:47.451Z
celium,SN51,Celium,628,15.96,51595388,153857.0,1.99825,2025-12-06T16:45:41.484Z
spark-2,SPK,Spark,630,0.02508723,51476124,28819364.0,-2.73674,2025-12-06T16:45:48.170Z
sign-global,SIGN,Sign,631,0.03807495,51384585,4579911.0,1.75276,2025-12-06T16:45:47.910Z
orbs,ORBS,Orbs,632,0.01059845,51338648,4303515.0,0.46364,2025-12-06T16:45:46.655Z
world-assets,INC,WorldAssets,633,0.570897,51313623,511572.0,1.00827,2025-12-06T16:45:50.074Z
sanctum-2,CLOUD,Cloud,634,0.098676,50788433,2224436.0,-1.15553,2025-12-06T16:45:47.675Z
swftcoin,SWFTC,SWFTCOIN,635,0.00506983,50692619,780869.0,2.30529,2025-12-06T16:45:48.683Z
yield-guild-games,YGG,Yield Guild Games,636,0.074504,50692209,11526936.0,4.22418,2025-12-06T16:45:39.399Z
bancor,BNT,Bancor Network,637,0.457756,50587129,247424.0,2.3027,2025-12-06T16:45:40.784Z
pythia,PYTHIA,PYTHIA,638,0.050632,50587016,713426.0,9.3187,2025-12-06T16:45:47.088Z
tagger,TAG,TAGGER,639,0.00046558,50547605,3339220.0,1.70633,2025-12-06T16:45:48.880Z
lisk,LSK,Lisk,640,0.222504,50202776,30398511.0,-1.91767,2025-12-06T16:45:45.018Z
stargate-finance,STG,Stargate Finance,642,0.124052,49613038,3886682.0,5.13658,2025-12-06T16:45:48.453Z
bitlight,LIGHT,Bitlight,643,1.14,49460518,18260571.0,0.15199,2025-12-06T16:45:40.956Z
huma-finance,HUMA,Huma Finance,644,0.02825567,48999890,13530457.0,6.83932,2025-12-06T16:45:44.001Z
cyberconnect,CYBER,CYBER,645,0.889894,48815534,14873760.0,7.11716,2025-12-06T16:45:42.285Z
constitutiondao,PEOPLE,ConstitutionDAO,646,0.00961174,48697463,12317654.0,1.54211,2025-12-06T16:45:41.916Z
stratis,STRAX,Xertra,647,0.02392842,48678375,1087782.0,0.33353,2025-12-06T16:45:48.514Z
liquity,LQTY,Liquity,648,0.49574,48601555,13460218.0,0.30784,2025-12-06T16:45:44.871Z
constellation-labs,DAG,Constellation,649,0.01283276,48450451,1026986.0,-1.06355,2025-12-06T16:45:41.847Z
woo-network,WOO,WOO,650,0.02549981,48328934,3705267.0,2.42735,2025-12-06T16:45:39.242Z
veraone,VRO,VeraOne,651,130.51,48322134,35027.0,,2025-11-25T00:10:07.699Z
usd,USD+,Overnight.fi USD+,653,0.99977,48078513,711992.0,-0.02405,2025-12-06T16:45:49.470Z
power-ledger,POWR,Powerledger,654,0.090607,48064735,2532583.0,2.32648,2025-12-06T16:45:47.021Z
lista,LISTA,Lista DAO,655,0.188082,47909206,11360780.0,4.48512,2025-12-06T16:45:44.956Z
mass-vehicle-ledger,MVL,MVL,656,0.00172628,47756066,97889.0,0.80149,2025-12-06T16:45:45.206Z
nkyc-token,NKYC,NKYC Token,657,11.9,47580360,194787.0,1.85707,2025-12-06T16:45:46.020Z
openledger-2,OPEN,OpenLedger,658,0.220772,47518637,5142119.0,1.44135,2025-12-06T16:45:46.305Z
yzy,YZY,YZY,659,0.363975,47310558,11811410.0,-0.16537,2025-12-06T16:45:39.404Z
book-of-meme,BOME,BOOK OF MEME,660,0.00068077,46978010,13483141.0,1.66597,2025-12-06T16:45:41.240Z
pirate-chain,ARRR,Pirate Chain,665,0.238992,46921886,483828.0,-5.88634,2025-12-06T16:45:46.771Z
yield-basis,YB,Yield Basis,661,0.531679,46784301,49629870.0,-9.68603,2025-12-06T16:45:50.610Z
kyber-network-crystal,KNC,Kyber Network Crystal,663,0.274672,46723073,3736681.0,1.51978,2025-12-06T16:45:44.706Z
chex-token,CHEX,Chintai,668,0.04676271,46720832,722831.0,11.72764,2025-12-06T16:45:41.574Z
power-protocol,POWER,Power Protocol,664,0.223518,46717488,49620285.0,98.61411,2025-12-06T16:45:46.979Z
io,IO,io.net,666,0.187071,46630460,13951347.0,-2.98658,2025-12-06T16:45:47.687Z
elizaos,ELIZAOS,ElizaOS,667,0.00623444,46630218,3034890.0,-1.20343,2025-12-06T16:45:42.546Z
zelcash,FLUX,Flux,670,0.115068,46410106,19220815.0,-5.28975,2025-12-06T16:45:39.564Z
venice-token,VVV,Venice Token,671,1.11,46347609,1664141.0,0.32166,2025-12-06T16:45:49.677Z
coreum,COREUM,Coreum,672,0.071384,46240851,311154.0,-4.94423,2025-12-06T16:45:42.007Z
audius,AUDIO,Audius,673,0.03342281,46076658,10730558.0,3.21431,2025-12-06T16:45:40.446Z
blast,BLAST,Blast,675,0.00089722,45907569,3256869.0,-0.23063,2025-12-06T16:45:41.045Z
punkstrategy,PNKSTR,PunkStrategy,676,0.04849596,45884414,2000971.0,-4.9984,2025-12-06T16:45:47.075Z
momentum-3,MMT,Momentum,677,0.224441,45875928,17927693.0,-0.95795,2025-12-06T16:45:45.684Z
tesla-xstock,TSLAX,Tesla xStock,678,454.86,45726702,9106445.0,0.44119,2025-12-06T16:45:48.943Z
spell-token,SPELL,Spell,679,0.00026541,45442983,38527773.0,3.41454,2025-12-06T16:45:48.249Z
subsquid,SQD,SQD,681,0.04999546,45417063,7346753.0,3.62824,2025-12-06T16:45:48.612Z
tornado-cash,TORN,Tornado Cash,682,11.91,45382580,1744428.0,-4.1861,2025-12-06T16:45:49.130Z
syndicate-3,SYND,Syndicate,683,0.09477,45356456,4641286.0,0.56149,2025-12-06T16:45:48.728Z
chromaway,CHR,Chromia,685,0.053334,45296806,2634594.0,3.69418,2025-12-06T16:45:41.676Z
osaka-protocol,OSAK,Osaka Protocol,687,5.923e-08,45114923,26974.0,-1.57146,2025-12-06T16:45:46.460Z
onyc,ONYC,Onchain Yield Coin,688,1.053,45103829,417289.0,-0.04497,2025-12-06T16:45:46.268Z
bob-build-on-bitcoin,BOB,BOB (Build on Bitcoin),689,0.0202679,45001822,20109818.0,-2.7066,2025-12-06T16:45:41.300Z
f-x-protocol-fxusd,FXUSD,f(x) Protocol fxUSD,690,0.999708,44944724,2561834.0,-0.03358,2025-12-06T16:45:43.232Z
alchemy-pay,ACH,Alchemy Pay,691,0.0090816,44872710,7446188.0,4.58028,2025-12-06T16:45:39.911Z
moonwell-artemis,WELL,Moonwell,692,0.01001606,44872358,2609231.0,3.87906,2025-12-06T16:45:48.024Z
ventuals-vhype,VHYPE,Ventuals vHYPE,693,31.13,44864806,25679.0,-0.57107,2025-12-06T16:45:49.684Z
ore,ORE,ORE,686,108.79,44856586,1530284.0,24.15554,2025-12-06T16:45:46.421Z
bonfida,FIDA,Bonfida,694,0.04522912,44807982,10861686.0,3.519,2025-12-06T16:45:47.585Z
impossible-cloud-network-token,ICNT,Impossible Cloud Network Token,695,0.267744,44773078,4751769.0,-2.99329,2025-12-06T16:45:44.153Z
liquity-bold-2,BOLD,BOLD,696,0.995874,44760213,879241.0,0.11663,2025-12-06T16:45:44.939Z
corn-3,CORN,Corn,697,0.085056,44654609,10930783.0,-0.57577,2025-12-06T16:45:41.963Z
big-time,BIGTIME,Big Time,698,0.02325994,44383244,6760536.0,3.5004,2025-12-06T16:45:40.838Z
amnis-aptos,AMAPT,Amnis Aptos,700,1.76,44327914,135662.0,1.4496,2025-12-06T16:45:40.006Z
metis-token,METIS,Metis,701,6.55,44303543,5826283.0,-0.05678,2025-12-06T16:45:45.490Z
tokenbot-2,CLANKER,tokenbot,702,44.79,44169537,11604313.0,0.01986,2025-12-06T16:45:49.151Z
ridges-ai,SN62,Ridges AI,703,12.25,44156078,2821692.0,1.1636,2025-12-06T16:45:47.558Z
atoshi,ATOS,Atoshi,704,0.04867133,43953914,37305.0,0.91912,2025-12-06T16:45:40.690Z
sui-bridged-ether-sui,SBETH,Sui Bridged Ether (Sui),706,3059.37,43900238,1017147.0,2.53511,2025-12-06T16:45:48.713Z
purr-2,PURR,Purr,707,0.073196,43618090,645686.0,-0.9817,2025-12-06T16:45:47.128Z
metaplex,MPLX,Metaplex,708,0.077867,43478260,3673694.0,-0.90506,2025-12-06T16:45:45.407Z
ergo,ERG,Ergo,709,0.525363,43359044,217961.0,1.1281,2025-12-06T16:45:42.797Z
ocean-protocol,OCEAN,Ocean Protocol,710,0.215508,43128312,421984.0,2.23747,2025-12-06T16:45:46.167Z
gigachad-2,GIGA,Gigachad,712,0.00448862,43098128,1736862.0,3.55416,2025-12-06T16:45:43.402Z
targon,SN4,Targon,711,12.27,43070814,107600.0,1.98912,2025-12-06T16:45:48.832Z
everipedia,IQ,IQ,713,0.00178032,43043977,885316.0,0.16795,2025-12-06T16:45:42.894Z
solayer,LAYER,Solayer,714,0.204507,42954495,10568159.0,-0.0639,2025-12-06T16:45:48.138Z
balancer,BAL,Balancer,716,0.663584,42864850,1239381.0,-1.01919,2025-12-06T16:45:40.720Z
manta-network,MANTA,Manta Network,718,0.094305,42723646,5401787.0,3.20909,2025-12-06T16:45:44.247Z
kelp-gain,AGETH,Kelp Gain,717,3215.32,42664320,18785.2,3.34625,2025-12-06T16:45:44.599Z
cjournal-2,CJL,CJournal,720,0.071886,42370752,40970.0,1.56204,2025-12-06T16:45:41.666Z
palladium-network,PLLD,Palladium Network,721,0.820842,42336300,44767.0,-9.02295,2025-12-06T16:45:46.469Z
secret,SCRT,Secret,722,0.129608,42284083,1342038.0,3.79059,2025-12-06T16:45:47.765Z
straitsx-xusd,XUSD,StraitsX XUSD,724,1.0,42098899,10133858.0,-0.00083,2025-12-06T16:45:48.489Z
banana-for-scale-2,BANANAS31,Banana For Scale,725,0.00421031,41940226,18536400.0,15.70132,2025-12-06T16:45:40.645Z
aixbt,AIXBT,aixbt,726,0.04208506,41835553,9343431.0,2.61558,2025-12-06T16:45:39.987Z
savings-crvusd,SCRVUSD,Savings crvUSD,728,1.082,41635319,13844296.0,-0.00272,2025-12-06T16:45:47.858Z
austin-capitals,AUX,Austin Capitals,730,4.25,41604142,59780.0,0.00485,2025-12-06T16:45:40.418Z
nusd,SUSD,Synthetix sUSD,732,0.955076,41511100,19863.98,-0.84985,2025-12-06T16:45:46.171Z
glidr,GLIDR,Glidr,733,1.19,41490116,102099.0,-0.16027,2025-12-06T16:45:43.385Z
storx,SRX,StorX,734,0.067912,41076696,2290445.0,-0.1801,2025-12-06T16:45:48.451Z
milk-alliance,MLK,MiL.k,735,0.079436,41069014,1005449.0,-0.85103,2025-12-06T16:45:45.554Z
caldera,ERA,Caldera,737,0.234706,40985486,16727223.0,1.12863,2025-12-06T16:45:41.400Z
zcoin,FIRO,Firo,738,2.26,40761077,725394.0,-8.18721,2025-12-06T16:45:50.471Z
carv,CARV,CARV,739,0.133974,40593145,7234343.0,2.18142,2025-12-06T16:45:41.529Z
nym,NYM,Nym,740,0.04923281,40533672,1251110.0,0.5913,2025-12-06T16:45:46.170Z
ondo-u-s-dollar-token,USDON,Ondo U.S. Dollar Token,741,1.0,40438598,5094319.0,0.0,2025-12-06T16:45:46.280Z
aevo-exchange,AEVO,Aevo,747,0.044022,40315532,7460633.0,6.28273,2025-12-06T16:45:39.817Z
wax,WAXP,WAX,746,0.00893932,40245532,1218126.0,2.69638,2025-12-06T16:45:50.127Z
socean-staked-sol,INF,Sanctum Infinity,748,184.45,40192994,572739.0,0.75623,2025-12-06T16:45:48.093Z
civic,CVC,Civic,749,0.050094,40042955,36665502.0,-11.92985,2025-12-06T16:45:41.839Z
marinade,MNDE,Marinade,750,0.072635,40042407,1783217.0,2.71305,2025-12-06T16:45:45.341Z
hermez-network-token,HEZ,Hermez Network,754,3.6,39906929,21795.0,0.79823,2025-12-06T16:46:06.225Z
sapien-2,SAPIEN,Sapien,755,0.159272,39871312,40061024.0,-3.12465,2025-12-06T16:46:10.045Z
ai-rig-complex,ARC,AI Rig Complex,756,0.03984311,39861527,8986819.0,-0.80238,2025-12-06T16:46:13.038Z
swipe,SXP,Solar,752,0.060042,39848290,5547473.0,-2.78277,2025-12-06T16:46:11.132Z
acet-token,ACT,Acet,759,0.02327844,39829257,295965.0,15.74228,2025-12-06T16:46:12.838Z
steem,STEEM,Steem,760,0.074585,39817324,9204764.0,0.47338,2025-12-06T16:46:10.829Z
ong,ONG,Ontology Gas,757,0.092159,39787466,2450610.0,2.16699,2025-12-06T16:46:08.552Z
coinbase-wrapped-xrp,CBXRP,Coinbase Wrapped XRP,761,2.04,39783703,272267.0,-0.14018,2025-12-06T16:46:15.056Z
auction,AUCTION,Bounce,763,5.59,39622129,6495397.0,1.00743,2025-12-06T16:46:13.681Z
jelly-my-jelly,JELLYJELLY,Jelly-My-Jelly,764,0.03954247,39569899,11747085.0,-1.43096,2025-12-06T16:46:06.736Z
iagon,IAG,Iagon,766,0.105034,39455670,709266.0,6.11861,2025-12-06T16:46:06.315Z
cross-2,CROSS,Cross,769,0.117561,39408081,3973713.0,1.42917,2025-12-06T16:46:15.288Z
songbird,SGB,Songbird,767,0.0024503,39395083,229081.0,-5.14747,2025-12-06T16:46:10.399Z
gogopool-ggavax,STAVAX,Hypha Staked AVAX,768,15.37,39378397,12677.83,0.31413,2025-12-06T16:46:05.776Z
noble-dollar-usdn,USDN,Noble Dollar (USDN),770,0.999808,39307589,54572.0,0.00022,2025-12-06T16:46:08.338Z
orderly-network,ORDER,Orderly,771,0.111605,39269317,4196674.0,3.32077,2025-12-06T16:46:08.697Z
usual,USUAL,Usual,772,0.02528017,39233073,7048622.0,2.95654,2025-12-06T16:46:11.882Z
energy-web-token,EWT,Energy Web,773,0.646591,39143759,299459.0,-3.69375,2025-12-06T16:46:16.183Z
taiko,TAIKO,Taiko,775,0.200886,38965827,12074178.0,-2.93904,2025-12-06T16:46:11.151Z
tensor,TNSR,Tensor,774,0.115818,38758081,57120562.0,-5.46436,2025-12-06T16:46:11.329Z
fractal-bitcoin,FB,Fractal Bitcoin,776,0.425567,38552510,5534982.0,-0.29083,2025-12-06T16:46:16.551Z
tether-gold-tokens,XAUT0,Tether Gold Tokens,778,4210.28,38521895,1734167.0,-0.01205,2025-12-06T16:46:11.257Z
hyperbeat-ultra-hype,HBHYPE,Hyperbeat Ultra HYPE,777,32.06,38513296,30483.0,0.1901,2025-12-06T16:46:06.284Z
auki-labs,AUKI,Auki,779,0.01147076,38394755,206411.0,-0.42134,2025-12-06T16:46:13.572Z
goatseus-maximus,GOAT,Goatseus Maximus,780,0.03816939,38139336,6229584.0,1.64292,2025-12-06T16:46:17.152Z
gains-network,GNS,Gains Network,782,1.41,38054275,1261173.0,2.01531,2025-12-06T16:46:16.704Z
harrypotterobamasonic10in,BITCOIN,HarryPotterObamaSonic10Inu (ETH),783,0.03780946,37797914,7188912.0,0.68069,2025-12-06T16:46:06.003Z
delysium,AGI,Delysium,784,0.01744704,37764417,686303.0,-1.23735,2025-12-06T16:46:15.466Z
across-protocol,ACX,Across Protocol,785,0.057367,37723955,2118518.0,0.58914,2025-12-06T16:46:12.895Z
helio-protocol-hay,LISUSD,Lista USD,786,0.999163,37569324,10967.71,-0.01459,2025-12-06T16:46:06.079Z
certik,CTK,Shentu,787,0.250902,37477979,839339.0,2.29848,2025-12-06T16:46:14.734Z
proprietary-trading-network,SN8,Proprietary Trading Network,790,10.08,36778914,203426.0,0.8819,2025-12-06T16:46:09.292Z
liquity-usd,LUSD,Liquity USD,791,1.002,36715978,78611.0,0.39399,2025-12-06T16:46:07.181Z
marlin,POND,Marlin,794,0.00447444,36698625,1137334.0,2.05629,2025-12-06T16:46:07.628Z
botxcoin,BOTX,BOTXCOIN,792,0.600236,36684877,89271.0,-5.94265,2025-12-06T16:46:14.355Z
wiki-cat,WKC,Wiki Cat,793,6.7437e-08,36646526,410892.0,-0.78424,2025-12-06T16:46:12.259Z
bitcastle-token,BCE,bitcastle Token,795,0.092139,36592843,72863.0,2.36505,2025-12-06T16:46:14.112Z
cobak-token,CBK,Cobak,796,0.365467,36270911,3964173.0,0.77818,2025-12-06T16:46:14.950Z
somnia,SOMI,Somnia,797,0.225639,36097751,6377978.0,-0.34812,2025-12-06T16:46:10.427Z
anime,ANIME,Animecoin,800,0.00650699,36029425,14352517.0,-0.45429,2025-12-06T16:46:13.448Z
bit2me,B2M,Bit2Me,801,0.01219337,36028984,56832.0,2.70994,2025-12-06T16:46:14.070Z
token-pocket,TPT,TokenPocket Token,799,0.01040793,35998761,102065.0,-1.63867,2025-12-06T16:46:11.512Z
pumpmeme,PM,PumpMeme,803,1.12,35923893,105635.0,-1.00881,2025-12-06T16:46:09.363Z
dymension,DYM,Dymension,802,0.085534,35920356,7013156.0,-3.78865,2025-12-06T16:46:15.866Z
dora-2,DORA,DORA,804,0.03586323,35863232,362850.0,-1.07318,2025-12-06T16:46:15.793Z
unipoly,UNP,Unipoly,805,0.128145,35781847,278976.0,-1.72524,2025-12-06T16:46:12.043Z
g-token,G,Gravity (by Galxe),806,0.00495471,35780189,1823504.0,0.08975,2025-12-06T16:46:10.012Z
rayls,RLS,Rayls,807,0.02382536,35773513,89517569.0,24.85442,2025-12-06T16:46:09.641Z
zentry,ZENT,Zentry,808,0.00459057,35748070,6310632.0,2.08564,2025-12-06T16:46:16.025Z
wrapped-nxm,WNXM,Wrapped NXM,809,73.13,35740394,76099.0,-0.26659,2025-12-06T16:46:12.457Z
metal,MTL,Metal DAO,810,0.405187,35704055,1391923.0,1.70208,2025-12-06T16:46:07.603Z
rif-token,RIF,Rootstock Infrastructure Framework,811,0.03566711,35666670,496851.0,1.46831,2025-12-06T16:46:09.816Z
skyai,SKYAI,SkyAI,813,0.03559148,35509089,13464941.0,9.65998,2025-12-06T16:46:10.254Z
hylo-usd,HYUSD,Hylo USD,814,1.001,35468053,1629091.0,0.03397,2025-12-06T16:46:06.275Z
chain-key-bitcoin,CKBTC,Chain-key Bitcoin,815,90255.0,35418989,17766.16,2.39226,2025-12-06T16:46:14.804Z
aurora-near,AURORA,Aurora,816,0.053432,35252072,1295725.0,-2.70943,2025-12-06T16:46:13.624Z
cookie,COOKIE,Cookie DAO,817,0.0555,35245213,3180498.0,7.82454,2025-12-06T16:46:15.206Z
arcblock,ABT,Arcblock,818,0.357062,35188045,249377.0,-2.38439,2025-12-06T16:46:13.404Z
zerebro,ZEREBRO,Zerebro,821,0.03512471,35169696,8320686.0,-4.57453,2025-12-06T16:46:16.235Z
clearpool,CPOOL,Clearpool,823,0.04132625,35007303,11061458.0,11.29536,2025-12-06T16:46:15.087Z
qanplatform,QANX,QANplatform,824,0.02056129,34950132,192245.0,-2.77775,2025-12-06T16:46:09.389Z
mashida,MSHD,Mashida,826,0.00348939,34909285,10482.49,-0.74103,2025-12-06T16:46:07.455Z
doodles,DOOD,Doodles,827,0.00445784,34755655,3629537.0,-0.89903,2025-12-06T16:46:15.848Z
bouncebit,BB,BounceBit,828,0.084705,34676353,16371944.0,7.9499,2025-12-06T16:46:14.399Z
kgen,KGEN,KGeN,829,0.174042,34644457,1977489.0,0.62764,2025-12-06T16:46:06.883Z
sats-ordinals,SATS,SATS (Ordinals),830,1.6493e-08,34641205,3724526.0,-1.13599,2025-12-06T16:46:09.993Z
aura-on-sol,AURA,aura,831,0.03594454,34484733,1252553.0,3.21,2025-12-06T16:46:13.595Z
ekubo-protocol,EKUBO,Ekubo Protocol,833,3.44,34421154,50574.0,1.07384,2025-12-06T16:46:16.107Z
cartesi,CTSI,Cartesi,834,0.03853993,34279385,2769975.0,2.77716,2025-12-06T16:46:14.644Z
wink,WIN,WINkLink,837,3.408e-05,33849391,48329142.0,18.31054,2025-12-06T16:46:12.325Z
dovu-2,DOVU,DOVU,839,0.0033781,33779811,207911.0,-1.13439,2025-12-06T16:46:15.773Z
pha,PHA,PHALA,841,0.04099007,33534044,4707466.0,2.70867,2025-12-06T16:46:09.048Z
gamebuild,GAME,GameBuild,842,0.00180806,33428979,1014149.0,-0.01754,2025-12-06T16:46:05.574Z
unifai-network,UAI,UnifAI Network,844,0.13978,33361865,4316533.0,-1.89991,2025-12-06T16:46:11.879Z
xai-blockchain,XAI,Xai,843,0.01773639,33313969,10230842.0,7.56811,2025-12-06T16:46:12.948Z
space-id,ID,SPACE ID,849,0.076259,32832244,5395569.0,1.92483,2025-12-06T16:46:10.512Z
xtusd,XTUSD,XT Stablecoin XTUSD,850,1.0,32811830,2387565.0,-0.00576,2025-12-06T16:46:12.635Z
solayer-staked-sol,SSOL,Solayer Staked SOL,852,149.51,32726888,14178.77,1.097,2025-12-06T16:46:10.288Z
avalanche-old-bridged-wbtc-avalanche,WBTC.E,Avalanche Bridged WBTC (Avalanche),853,89880.0,32687162,21016.0,1.45211,2025-12-06T16:46:13.694Z
dkargo,DKA,dKargo,847,0.0065166,32582983,1245151.0,0.50087,2025-12-06T16:46:15.650Z
aia,AIA,DeAgentAI,854,0.326948,32527341,6788512.0,3.69543,2025-12-06T16:46:12.973Z
janction,JCT,Janction,855,0.00282865,32487425,4595834.0,-5.99087,2025-12-06T16:46:06.663Z
mango-network,MGO,Mango Network,858,0.02027667,32231132,2499431.0,-1.58835,2025-12-06T16:46:07.399Z
wazirx,WRX,WazirX,859,0.070532,32216477,37956.0,0.45561,2025-12-06T16:46:12.163Z
a-hunters-dream,CAW,A Hunters Dream,860,5.0511e-08,32154144,642723.0,-1.07738,2025-12-06T16:46:12.970Z
chaingpt,CGPT,ChainGPT,862,0.03709981,32121662,3648040.0,3.53002,2025-12-06T16:46:14.922Z
seda-2,SEDA,SEDA,861,0.050569,32113689,696527.0,-6.12264,2025-12-06T16:46:10.844Z
yield-optimizer-eth,YOETH,Yield Optimizer ETH,863,3279.5,32078803,32034.0,1.67208,2025-12-06T16:46:12.703Z
b3,B3,B3 (Base),864,0.00103941,32005391,2138546.0,4.5757,2025-12-06T16:46:13.793Z
darkstar,DARKSTAR,DarkStar,865,0.1091,32002649,25847.0,1.26277,2025-12-06T16:46:15.345Z
avalon-2,AVL,Avalon,866,0.125319,31972123,40433524.0,-4.16963,2025-12-06T16:46:13.684Z
magic,MAGIC,Treasure,867,0.102365,31955230,11910412.0,6.38072,2025-12-06T16:46:07.430Z
smooth-love-potion,SLP,Smooth Love Potion,869,0.0008836,31952190,3125999.0,4.2472,2025-12-06T16:46:10.650Z
affine,SN120,affine,868,19.41,31890126,1548639.0,5.54753,2025-12-06T16:46:12.889Z
banana-gun,BANANA,Banana Gun,870,7.93,31846380,5120769.0,1.22709,2025-12-06T16:46:13.837Z
vine,VINE,Vine,871,0.03174946,31746606,9078872.0,12.17057,2025-12-06T16:46:12.539Z
freysa-ai,FAI,Freysa AI,873,0.00386029,31712513,533957.0,0.05928,2025-12-06T16:46:16.645Z
hunt-token,HUNT,Hunt,872,0.160131,31648802,18781654.0,12.67225,2025-12-06T16:46:06.285Z
hippo-protocol,HP,Hippo Protocol,874,0.02540339,31623021,247919.0,-0.37992,2025-12-06T16:46:06.122Z
deapcoin,DEP,DEAPCOIN,877,0.00114441,31500612,1213605.0,1.0,2025-12-06T16:46:15.384Z
lucidum,LUCIC,Lucidum,876,0.190795,31373553,138172.0,6.17107,2025-12-06T16:46:07.254Z
sophon,SOPH,Sophon,878,0.01568466,31352331,4713655.0,1.30648,2025-12-06T16:46:10.632Z
stbl,STBL,STBL,879,0.062407,31288123,7092913.0,12.80426,2025-12-06T16:46:10.753Z
apertum,APTM,Apertum,880,0.4776,31264111,1020622.0,0.08357,2025-12-06T16:46:13.388Z
xpin-network,XPIN,XPIN Network,881,0.00202407,31167505,5934731.0,-2.02599,2025-12-06T16:46:12.669Z
unit-fartcoin,UFART,Unit Fartcoin,875,0.388837,31149648,27949.0,12.08781,2025-12-06T16:46:11.716Z
dacxi,DXI,Dacxi,883,0.00077608,31131861,435474.0,-8.27765,2025-12-06T16:46:15.333Z
xtcom-token,XT,XT.com,884,5.15,31123967,9458745.0,2.01332,2025-12-06T16:46:12.628Z
quark-chain,QKC,QuarkChain,885,0.00430734,30907536,905009.0,2.42044,2025-12-06T16:46:12.269Z
meet48,IDOL,MEET48,886,0.03420589,30849991,10276087.0,6.43229,2025-12-06T16:46:07.571Z
mira-3,MIRA,Mira,887,0.151062,30768126,4349846.0,3.44675,2025-12-06T16:46:07.892Z
allora,ALLO,Allora,889,0.152469,30674223,14846576.0,-1.53285,2025-12-06T16:46:13.311Z
swarm-network,TRUTH,Swarm Network,891,0.01462795,30511726,1398345.0,12.73388,2025-12-06T16:46:10.963Z
the-grays-currency,PTGC,The Grays Currency,892,0.00010485,30404143,25453.0,1.51093,2025-12-06T16:46:11.447Z
limitless-3,LMTS,Limitless,894,0.231165,30336187,1906953.0,5.09832,2025-12-06T16:46:07.117Z
advertise-coin,ADCO,Advertise Coin,895,0.673611,30312483,10355.13,-0.2119,2025-12-06T16:46:12.875Z
moonriver,MOVR,Moonriver,896,2.92,30293799,2695125.0,3.04482,2025-12-06T16:46:08.045Z
bsquared-network,B2,BSquared Network,898,0.727377,30240788,17792616.0,-0.51324,2025-12-06T16:46:14.558Z
surge-4,SURGE,Surge,900,0.061833,30133929,10723567.0,-1.42204,2025-12-06T16:46:10.961Z
babyboomtoken,BBT,BabyBoomToken,901,0.222902,30086878,131016.0,-3.19435,2025-12-06T16:46:13.770Z
uquid-coin,UQC,Uquid Coin,903,3.01,30060244,26665.0,-3.03069,2025-12-06T16:46:11.689Z
hyperlane,HYPER,Hyperlane,904,0.141677,30048491,29612163.0,9.68516,2025-12-06T16:46:06.374Z
bifrost,BFC,Bifrost,905,0.02157417,30027912,66454.0,3.00899,2025-12-06T16:46:13.980Z
wmatic,WPOL,Wrapped POL,906,0.123011,29986466,3799476.0,3.35235,2025-12-06T16:46:12.646Z
dogelon-mars,ELON,Dogelon Mars,907,5.4409e-08,29906316,4440050.0,1.617,2025-12-06T16:46:15.721Z
definitive,EDGE,Definitive,908,0.14717,29890512,886436.0,-0.42505,2025-12-06T16:46:15.444Z
looped-hype,LHYPE,Looped Hype,909,31.46,29717106,79474.0,0.85496,2025-12-06T16:46:07.237Z
ix-swap,IXS,IXS,910,0.164635,29614717,400419.0,-7.36222,2025-12-06T16:46:06.639Z
wojak-4,WOJAK,Wojak,911,0.0286959,29612555,3656192.0,10.37831,2025-12-06T16:46:12.327Z
bless-2,BLESS,Bless,912,0.01591121,29596555,3793354.0,11.61275,2025-12-06T16:46:14.247Z
nomina,NOM,Nomina,913,0.01019931,29559047,8957678.0,2.98125,2025-12-06T16:46:08.354Z
adshares,ADS,Adshares,914,0.763062,29554954,722912.0,1.40885,2025-12-06T16:46:12.937Z
sonic-svm,SONIC,Sonic SVM,915,0.082042,29517638,7324154.0,0.29212,2025-12-06T16:46:10.439Z
gaiai,GAIX,GaiAI,919,0.178357,29369645,84802777.0,61.74132,2025-12-06T16:46:16.686Z
derive,DRV,Derive,920,0.03422941,29339805,248909.0,-10.66878,2025-12-06T16:46:15.483Z
flock-2,FLOCK,FLOCK,921,0.12087,29330608,2537895.0,1.65321,2025-12-06T16:46:16.535Z
kinetiq,KNTQ,Kinetiq,922,0.108485,29296086,748714.0,-0.87259,2025-12-06T16:46:06.997Z
apro,AT,Apro,923,0.127254,29239555,59339333.0,-2.62523,2025-12-06T16:46:13.609Z
ao-computer,AO,ao Computer,924,5.26,29121000,308393.0,-1.2769,2025-12-06T16:46:13.304Z
amiko,AMIKO,Amiko,925,0.03741092,29041111,314117.0,0.15358,2025-12-06T16:46:13.289Z
coin98,C98,Coin98,926,0.02907081,28980586,7054703.0,10.1354,2025-12-06T16:46:15.015Z
victoria-vr,VR,Victoria VR,928,0.00353769,28790272,854154.0,-2.57066,2025-12-06T16:46:12.072Z
pocket-network,POKT,Pocket Network,929,0.01425415,28625127,1008767.0,0.789,2025-12-06T16:46:09.119Z
joe,JOE,JOE,930,0.071029,28576721,2514734.0,0.59294,2025-12-06T16:46:06.763Z
medibloc,MED,Medibloc,931,0.00268203,28562451,194729.0,-0.73617,2025-12-06T16:46:07.547Z
dialectic-eth-vault,DETH,Dialectic ETH Vault,932,3076.11,28551235,16653.21,1.5492,2025-12-06T16:46:15.600Z
pepecoin-network,PEP,Pepecoin,933,0.00028201,28380915,171563.0,2.00521,2025-12-06T16:46:08.951Z
tree-capital,TREE,Tree,936,0.27949,28329646,41568.0,0.44976,2025-12-06T16:46:11.489Z
ageur,EURA,EURA,934,1.16,28329260,36859.0,0.28149,2025-12-06T16:46:12.984Z
boundless,ZKC,Boundless,937,0.140663,28242740,18782388.0,3.70562,2025-12-06T16:46:14.399Z
velvet,VELVET,Velvet,938,0.18452,28196177,5385248.0,2.07092,2025-12-06T16:46:11.947Z
hydradx,HDX,Hydration,941,0.00477191,28134322,31604.0,1.78786,2025-12-06T16:46:06.347Z
stakestone,STO,StakeStone,942,0.124984,28131367,7449328.0,4.56856,2025-12-06T16:46:10.656Z
chainflip,FLIP,Chainflip,943,0.418702,28021300,107091.0,-0.17859,2025-12-06T16:46:14.801Z
4-2,4,4,944,0.02804109,28014129,5963378.0,1.49657,2025-12-06T16:46:12.832Z
infinifi-locked-iusd-1week,LIUSD,infiniFi Locked iUSD (1week),947,1.14,27813385,399420.0,0.01066,2025-12-06T16:46:06.425Z
elastos,ELA,Elastos,949,1.2,27673778,365616.0,-1.14151,2025-12-06T16:46:16.117Z
puffer-finance,PUFFER,Puffer,951,0.083154,27463288,45639945.0,32.71471,2025-12-06T16:46:09.402Z
monerium-eur-money-2,EURE,Monerium EUR emoney,952,1.16,27376588,147748.0,-0.19674,2025-12-06T16:46:07.969Z
devve,DEVVE,DevvE,953,0.312824,27337441,416867.0,-3.12018,2025-12-06T16:46:15.492Z
holoworld,HOLO,Holoworld,954,0.078666,27322062,12528828.0,1.56867,2025-12-06T16:46:06.189Z
particle-network,PARTI,Particle Network,955,0.116974,27290923,28443529.0,0.97058,2025-12-06T16:46:08.878Z
bullish-degen,BULLISH,Bullish Degen,956,0.02719332,27259538,2083240.0,-1.94643,2025-12-06T16:46:14.531Z
troll-2,TROLL,TROLL,957,0.02727343,27245468,2061580.0,3.02475,2025-12-06T16:46:11.593Z
predictions,PRDT,Predictions,958,1.13,27108301,74904.0,-0.03076,2025-12-06T16:46:09.200Z
hylo-staked-sol,HYLOSOL,Hylo Staked SOL,959,136.24,27106288,54229.0,-0.32233,2025-12-06T16:46:06.251Z
aergo,AERGO,Aergo,961,0.057222,27035833,4636018.0,-0.29721,2025-12-06T16:46:12.924Z
singularitynet,AGIX,SingularityNET,960,0.102392,27029817,24573.0,-0.21574,2025-12-06T16:46:10.169Z
sceptre-staked-flr,SFLR,Sceptre Staked FLR,963,0.02172151,26886327,180679.0,1.09176,2025-12-06T16:46:10.025Z
renzo,REZ,Renzo,962,0.00597457,26868094,7811931.0,2.62806,2025-12-06T16:46:09.740Z
benqi,QI,BENQI,965,0.00372675,26832524,797187.0,4.24261,2025-12-06T16:46:13.976Z
pre-sp,PSP,Pre-SP,966,0.053288,26644158,60374.0,,2025-11-20T13:34:46.464Z
resolv,RESOLV,Resolv,968,0.076909,26495114,16653007.0,-2.12151,2025-12-06T16:46:09.768Z
wrapped-zedxion,WZEDX,Wrapped Zedxion,972,0.431197,26421392,712185.0,1.72165,2025-12-06T16:46:12.534Z
metronome-synth-eth,MSETH,Metronome Synth ETH,970,3041.2,26321728,397525.0,1.43661,2025-12-06T16:46:07.652Z
sdola,SDOLA,sDOLA,971,1.17,26269832,740127.0,0.02826,2025-12-06T16:46:10.040Z
bucket-protocol-buck-stablecoin,BUCK,Bucket Protocol BUCK Stablecoin,974,1.003,26237006,206623.0,1.94487,2025-12-06T16:46:14.673Z
numine-token,NUMI,NUMINE Token,975,0.157926,26173266,421269.0,0.91485,2025-12-06T16:46:08.384Z
elephant-money,ELEPHANT,Elephant Money,977,5.2442e-08,26064426,41397.0,1.45215,2025-12-06T16:46:16.129Z
bertram-the-pomeranian,BERT,Bertram The Pomeranian,978,0.02669287,26017310,2042750.0,5.99863,2025-12-06T16:46:14.018Z
reactive-network,REACT,Reactive Network,979,0.060078,25877922,386063.0,-3.1258,2025-12-06T16:46:09.591Z
radix,XRD,Radix,980,0.00193968,25836913,177167.0,-0.86446,2025-12-06T16:46:09.680Z
verasity,VRA,Verasity,981,0.00030108,25753300,2219241.0,1.67392,2025-12-06T16:46:12.008Z
moonbeam,GLMR,Moonbeam,982,0.02494173,25705020,2229453.0,0.95341,2025-12-06T16:46:07.999Z
electroneum,ETN,Electroneum,983,0.00142685,25649061,926798.0,-1.1663,2025-12-06T16:46:16.156Z
spdr-s-p-500-etf-ondo-tokenized-etf,SPYON,SPDR S&P 500 ETF (Ondo Tokenized ETF),984,687.09,25645291,1704668.0,0.32088,2025-12-06T16:46:10.467Z
intuition,TRUST,Intuition,985,0.142613,25631152,5527952.0,-2.99731,2025-12-06T16:46:06.539Z
adventure-gold,AGLD,Adventure Gold,986,0.29295,25582158,4464539.0,4.93122,2025-12-06T16:46:12.913Z
zerobase,ZBT,ZEROBASE,987,0.110984,25527555,23198798.0,3.6244,2025-12-06T16:46:16.087Z
maverick-protocol,MAV,Maverick Protocol,988,0.03221834,25515906,7562401.0,5.81586,2025-12-06T16:46:07.522Z
alchemix,ALCX,Alchemix,989,10.15,25451436,2251567.0,1.97096,2025-12-06T16:46:13.137Z
metamask-usd,MUSD,MetaMask USD,990,0.999236,25356740,4345228.0,0.05358,2025-12-06T16:46:07.676Z
griffain,GRIFFAIN,GRIFFAIN,991,0.02500301,25314220,12115092.0,35.06481,2025-12-06T16:46:05.926Z
gods-unchained,GODS,Gods Unchained,993,0.064176,25296030,808635.0,0.37595,2025-12-06T16:46:05.766Z
saffron-finance,SFI,saffron.finance,996,311.45,25120356,109745.0,3.18859,2025-12-06T16:46:09.910Z
templar,SN3,τemplar,997,7.11,25071596,98159.0,2.13752,2025-12-06T16:46:11.140Z
astherus-staked-usdf,ASUSDF,Aster Staked USDF,998,1.048,24996765,32926.0,-0.14555,2025-12-06T16:46:13.541Z
bitcoin-limited-edition,BTCLE,Bitcoin Limited Edition,999,124.86,24975929,52163.0,-0.75468,2025-12-06T16:46:14.133Z
cetus-protocol,CETUS,Cetus Protocol,1000,0.0285226,24872534,3229642.0,1.94547,2025-12-06T16:46:14.790Z
